Country Name,Country Code,Indicator Name,Indicator Code,1960,1961,1962,1963,1964,1965,1966,1967,1968,1969,1970,1971,1972,1973,1974,1975,1976,1977,1978,1979,1980,1981,1982,1983,1984,1985,1986,1987,1988,1989,1990,1991,1992,1993,1994,1995,1996,1997,1998,1999,2000,2001,2002,2003,2004,2005,2006,2007,2008,2009,2010,2011,2012,2013,2014,2015,2016,2017,2018
Aruba,ABW,Military expenditure (% of general government expenditure),MS.MIL.XPND.ZS,,,,,,,,,,,,,,,,,,,,,,,,,,,,,,,,,,,,,,,,,,,,,,,,,,,,,,,,,,,
Afghanistan,AFG,Military expenditure (% of general government expenditure),MS.MIL.XPND.ZS,,,,,,,,,,,,,,,,,,,,,,,,,,,,,,,,,,,,,,,,,,,,,16.134336,12.68975795,10.36038171,11.94840462,11.16540879,9.860389375,9.354596133,8.302760046,4.696372865,4.311764354,5.10979266,3.833142187,3.680251052,3.576700014,
Angola,AGO,Military expenditure (% of general government expenditure),MS.MIL.XPND.ZS,,,,,,,,,,,,,,,,,,,,,,,,,,,,,,,,,,,,,6.032920354,13.87546419,6.233867661,27.37551734,12.88332161,10.78863067,9.19173249,10.93456472,11.64700144,13.91893868,12.29088612,8.167255331,6.784490291,10.46415879,10.60449054,8.704542555,8.698622879,12.02507254,12.88774297,11.47982303,12.52598916,10.32141559,
Albania,ALB,Military expenditure (% of general government expenditure),MS.MIL.XPND.ZS,,,,,,,,,,,,,,,,,,,,,,,,,,,,,,,,,,,,,,,,,,,,,,2.468066011,2.603482353,2.495400526,2.7034521,1.934784087,2.131170506,2.107534406,2.072532358,1.754649748,1.621861463,1.255318973,1.185619061,1.399974391,
Andorra,AND,Military expenditure (% of general government expenditure),MS.MIL.XPND.ZS,,,,,,,,,,,,,,,,,,,,,,,,,,,,,,,,,,,,,,,,,,,,,,,,,,,,,,,,,,,
Arab World,ARB,Military expenditure (% of general government expenditure),MS.MIL.XPND.ZS,,,,,,,,,,,,,,,,,,,,,,,,,,,,,,,,31.89564133,24.67429035,24.92590154,24.50845702,23.22497209,21.74743309,23.14916079,27.94130405,25.75757677,,23.14986765,19.98497118,19.47519109,18.53563706,18.69554867,18.65487093,17.89130951,16.22860501,16.06150262,15.83085709,15.12935925,15.8987062,17.46097025,18.20488876,22.12644216,18.2606099,20.92644599,
United Arab Emirates,ARE,Military expenditure (% of general government expenditure),MS.MIL.XPND.ZS,,,,,,,,,,,,,,,,,,,,,,,,,,,,,,,,,,,,,,19.15982164,20.6072478,20.65200064,26.18588227,22.24508985,22.85465218,23.40297725,26.04258772,23.22490448,20.64326338,18.58166292,16.71083883,15.59309551,18.74156373,17.54851406,17.4275929,19.91488852,17.03876785,,,,
Argentina,ARG,Military expenditure (% of general government expenditure),MS.MIL.XPND.ZS,,,,,,,,,,,,,,,,,,,,,,,,,,,,,,,,,,,,5.76284549,4.893382779,4.515884716,4.394168704,4.285891242,4.070006607,4.007506203,4.467277487,4.31037278,3.841051292,3.470000492,2.965769876,2.687082801,2.491044568,2.578246988,2.442892142,2.189883721,2.13148645,2.227910919,2.287801295,2.075045306,1.994047744,2.182377939,
Armenia,ARM,Military expenditure (% of general government expenditure),MS.MIL.XPND.ZS,,,,,,,,,,,,,,,,,,,,,,,,,,,,,,,,,,,,,,,,,,,,,,14.4528086,14.73773176,13.57100469,15.2706603,14.5588155,16.28077049,15.4377929,15.98840553,16.79748287,16.43710151,16.09987433,15.12266232,15.49709146,
American Samoa,ASM,Military expenditure (% of general government expenditure),MS.MIL.XPND.ZS,,,,,,,,,,,,,,,,,,,,,,,,,,,,,,,,,,,,,,,,,,,,,,,,,,,,,,,,,,,
Antigua and Barbuda,ATG,Military expenditure (% of general government expenditure),MS.MIL.XPND.ZS,,,,,,,,,,,,,,,,,,,,,,,,,,,,,,,,,,,,,,,,,,,,,,,,,,,,,,,,,,,
Australia,AUS,Military expenditure (% of general government expenditure),MS.MIL.XPND.ZS,,,,,,,,,,,,,,,,,,,,,,,,,,,,,7.043515157,6.915018271,6.791905229,6.549262014,6.362019335,6.381093534,6.260891976,6.004087296,5.761081646,5.686301618,5.388234846,5.208765829,5.182884007,5.233755852,5.354593312,5.281482376,5.235224825,5.199497282,5.264887018,5.284417927,5.126110534,5.088657196,5.021545567,4.843035683,4.571593648,4.492424984,4.809833055,5.223366632,5.586394348,5.407239136,
Austria,AUT,Military expenditure (% of general government expenditure),MS.MIL.XPND.ZS,,,,,,,,,,,,,,,,,,,,,,,,,,,,,2.702750198,2.635711271,2.545085487,2.411183789,2.239021067,2.057513723,2.026279164,1.90122555,1.86221023,1.946116889,1.83072183,1.944474241,1.931590281,1.765043486,1.68193442,1.823184374,1.657907677,1.661921982,1.559829535,1.828642124,1.745914732,1.539275409,1.554324604,1.554067325,1.520217682,1.471647192,1.429407512,1.368632051,1.461903455,1.439517532,
Azerbaijan,AZE,Military expenditure (% of general government expenditure),MS.MIL.XPND.ZS,,,,,,,,,,,,,,,,,,,,,,,,,,,,,,,,,,,8.023255814,14.67336683,11.40740741,11.50470219,13.38709677,13.46467391,12.42740999,13.77802691,9.693513899,11.20155039,10.85672798,10.2201278,13.50832806,10.98742053,10.54774832,9.636955637,8.733328421,13.8766545,12.73748876,12.03096539,12.52376072,14.1292255,10.42762234,10.39460225,
Burundi,BDI,Military expenditure (% of general government expenditure),MS.MIL.XPND.ZS,,,,,,,,,,,,,,,,,,,,,,,,,,,,,,,17.28187748,16.37925576,11.85305193,13.82759866,20.10518721,16.36199574,20.60140926,29.11908101,28.33899036,24.7561304,19.72922448,23.90261577,22.60864862,15.17342907,12.01665791,13.3852762,9.628083865,8.763184132,6.610091067,,,,6.731225018,7.139677937,6.668515777,8.101861409,9.996469158,8.307293478,
Belgium,BEL,Military expenditure (% of general government expenditure),MS.MIL.XPND.ZS,,,,,,,,,,,,,,,,,,,,,,,,,,,,,4.636414427,4.468320858,4.277835842,4.060934242,3.235935841,3.004207967,3.029722045,2.932851035,2.862682341,2.821841612,2.781086051,2.762185149,2.734241774,2.595153592,2.455663668,2.395735953,2.348667287,2.114283227,2.169915642,2.268777698,2.41434903,2.142361681,2.033584964,1.916453108,1.858378873,1.811923775,1.772031519,1.714153871,1.73288438,1.726577979,
Benin,BEN,Military expenditure (% of general government expenditure),MS.MIL.XPND.ZS,,,,,,,,,,,,,,,,,,,,,,,,,,,,,,10.46518314,9.239343991,,,,,,,,,4.516935424,2.639473179,2.317345131,4.074978526,4.729118575,5.061166462,4.816420069,5.118655558,,4.563475194,,,,4.931580267,4.614196726,4.927569783,4.3987447,4.366126549,5.184098169,
Burkina Faso,BFA,Military expenditure (% of general government expenditure),MS.MIL.XPND.ZS,,,,,,,,,,,,,,,,,,,,,,,,,,,,,13.88680537,18.83482963,17.15413133,14.03639383,13.84290683,9.415325793,7.961594783,7.087144921,6.463926189,6.992550603,6.342017088,5.758135888,6.244198398,5.877563815,6.051090832,6.097434943,5.958411319,5.944976533,5.075038518,6.198865627,6.68571414,6.286339223,6.032879221,5.866546564,5.18806566,4.893354701,6.079699492,6.143704662,5.387174482,5.095950257,
Bangladesh,BGD,Military expenditure (% of general government expenditure),MS.MIL.XPND.ZS,,,,,,,,,,,,,,,,,,,,,,,,,,,,,10.33377376,10.45006222,10.28200638,10.4265603,11.58163182,11.15832048,11.82607834,11.44235785,11.9872759,12.26546848,12.3268919,14.15816219,12.3096971,10.5139682,10.12357234,9.875972698,10.10515122,9.479220273,9.774356132,10.35751511,8.130350288,9.729387564,11.17228305,10.45518402,9.945240399,9.131855835,9.72598843,10.4900746,10.68652442,9.637704285,
Bulgaria,BGR,Military expenditure (% of general government expenditure),MS.MIL.XPND.ZS,,,,,,,,,,,,,,,,,,,,,,,,,,,,,,,,,,,,,,,6.964682638,7.244616234,7.143541128,7.847474122,7.925349402,7.524994276,7.187938289,6.880389951,6.721000976,7.015124132,5.695761008,5.482722344,5.101054991,4.497936196,4.573565528,4.54361611,3.949604078,3.485903913,4.281365166,4.401506086,
Bahrain,BHR,Military expenditure (% of general government expenditure),MS.MIL.XPND.ZS,,,,,,,,,,,,,,,,,,,,,,,,,,,,,,,14.28571429,16.98113208,16.74641148,16.77316294,16.28614916,17.09145427,19.29824561,13.61079865,17.58865248,17.01863354,17.15374841,14.64435146,14.52173913,15.91468417,15.52795031,12.89245157,12.86650775,12.66247379,11.84164479,14.08412483,11.48188406,12.94039294,12.04607046,12.06428571,15.5508831,12.67118486,13.33524146,11.84483536,
"Bahamas, The",BHS,Military expenditure (% of general government expenditure),MS.MIL.XPND.ZS,,,,,,,,,,,,,,,,,,,,,,,,,,,,,,,,,,,,,,,,,,,,,,,,,,,,,,,,,,,
Bosnia and Herzegovina,BIH,Military expenditure (% of general government expenditure),MS.MIL.XPND.ZS,,,,,,,,,,,,,,,,,,,,,,,,,,,,,,,,,,,,,,,,,,,7.5526538,5.035076128,4.319446348,3.467243353,3.134934055,2.73448445,2.522815259,2.810811033,2.58874452,2.450069861,2.444064763,2.416569816,2.22141048,2.298457336,2.307035216,2.137430795,
Belarus,BLR,Military expenditure (% of general government expenditure),MS.MIL.XPND.ZS,,,,,,,,,,,,,,,,,,,,,,,,,,,,,,,,,,,,,,,,,,32.80212483,30.93829248,28.85783718,29.84615385,32.21010902,35.0219695,32.44939271,23.42896175,25.67714713,30.26604897,30.38933764,31.98342567,31.50362036,33.0248578,29.48852442,27.59754443,25.28432305,
Belize,BLZ,Military expenditure (% of general government expenditure),MS.MIL.XPND.ZS,,,,,,,,,,,,,,,,,,,,,,,,,,,,,,,,,,,,,4.79871988,5.338068182,,,2.700616698,2.460284653,2.605636439,2.741097756,2.878952959,3.405711447,3.365215753,3.673985314,4.880765971,4.496754557,3.718121212,3.556228374,3.580970588,3.559334334,3.678093259,3.119877373,3.67407563,3.856895093,
Bermuda,BMU,Military expenditure (% of general government expenditure),MS.MIL.XPND.ZS,,,,,,,,,,,,,,,,,,,,,,,,,,,,,,,,,,,,,,,,,,,,,,,,,,,,,,,,,,,
Bolivia,BOL,Military expenditure (% of general government expenditure),MS.MIL.XPND.ZS,,,,,,,,,,,,,,,,,,,,,,,,,,,,,8.428295503,8.835354665,12.36450602,11.11830955,9.924392876,7.050541516,8.407462485,8.131167268,7.627902219,8.039568651,8.978480832,7.264762039,7.037180582,7.087672349,6.095808383,6.70777155,5.951554174,5.341889037,5.254603244,5.165244537,5.553617071,5.567084079,5.289776652,4.763307982,5.121209246,4.790183989,4.385073053,3.910798584,4.108868729,4.463416881,
Brazil,BRA,Military expenditure (% of general government expenditure),MS.MIL.XPND.ZS,,,,,,,,,,,,,,,,,,,,,,,,,,,,,,,,,,,,,4.32646869,4.087180115,4.064239474,4.156429252,5.019227513,5.387003398,4.871397455,3.667449029,3.821446748,3.830184354,3.777607466,3.896382998,3.853769717,4.146278755,3.967892829,3.757365685,3.703294576,3.550248734,3.515250286,3.566232743,3.434769497,3.657289766,
Barbados,BRB,Military expenditure (% of general government expenditure),MS.MIL.XPND.ZS,,,,,,,,,,,,,,,,,,,,,,,,,,,,,,,,,,,,,,,,,,,,,,,,,,,,,,,,,,,
Brunei Darussalam,BRN,Military expenditure (% of general government expenditure),MS.MIL.XPND.ZS,,,,,,,,,,,,,,,,,,,,,,,,,,,,,13.23258386,12.51292658,14.6914446,15.24083393,13.3507001,11.03005544,9.272137228,9.086829706,12.36645299,13.44455348,12.10034432,10.12950971,9.795253606,9.885931559,8.432229856,10.84398977,6.894435352,8.10162522,8.306609656,8.119373124,8.346892288,8.425803246,7.878586217,7.548396417,6.966246442,6.782425677,9.055179418,8.479890909,9.055605199,8.550294013,
Bhutan,BTN,Military expenditure (% of general government expenditure),MS.MIL.XPND.ZS,,,,,,,,,,,,,,,,,,,,,,,,,,,,,,,,,,,,,,,,,,,,,,,,,,,,,,,,,,,
Botswana,BWA,Military expenditure (% of general government expenditure),MS.MIL.XPND.ZS,,,,,,,,,,,,,,,,,,,,,,,,,,,,,10.0248538,9.589236111,10.27208481,10.42048175,9.984113268,10.20170068,10.31923771,9.138265103,7.795295295,8.080184777,8.631543321,7.587808418,8.169209431,8.986357984,9.004296626,9.154583436,8.478110798,8.226519964,8.071135431,7.578656891,6.455903272,5.98189415,6.165890101,6.425209476,6.113756874,6.16762521,6.147160035,7.141478745,9.843165821,9.24419337,
Central African Republic,CAF,Military expenditure (% of general government expenditure),MS.MIL.XPND.ZS,,,,,,,,,,,,,,,,,,,,,,,,,,,,,,,,6.795293593,7.033569046,7.176235422,5.606249528,5.639133643,10.31086285,,,,,,6.533857549,10.29338931,8.831407447,6.745184681,,8.460877678,9.670632419,10.91900261,13.96318603,14.46821591,12.03828332,21.15004958,17.70437085,11.28142857,12.16001467,9.684650934,
Canada,CAN,Military expenditure (% of general government expenditure),MS.MIL.XPND.ZS,,,,,,,,,,,,,,,,,,,,,,,,,,,,,4.340826559,4.186889011,3.981908637,3.59879493,3.456985014,3.444890848,3.369516493,3.172712868,2.978952707,2.790856969,2.815580948,2.897315014,2.747572426,2.757412336,2.764948287,2.760815105,2.821511514,2.874060682,2.903522128,3.078451539,3.212136823,3.172574511,2.773406684,2.870198259,2.732734781,2.508379903,2.580156262,2.871723093,2.905347643,3.064142404,
Central Europe and the Baltics,CEB,Military expenditure (% of general government expenditure),MS.MIL.XPND.ZS,,,,,,,,,,,,,,,,,,,,,,,,,,,,,,,11.82121212,,,,,5.485874917,5.065316151,5.231551851,4.86473695,4.641823619,4.48067594,4.460060681,4.36901698,4.360314989,4.249431577,4.316544498,4.117025994,4.101257533,3.701201155,3.508215476,3.362456661,3.296475478,3.341781831,3.295430615,3.410823489,3.705288685,3.74492534,3.963600607,
Switzerland,CHE,Military expenditure (% of general government expenditure),MS.MIL.XPND.ZS,,,,,,,,,,,,,,,,,,,,,,,,,,,,,5.420685444,5.387557968,5.567851708,5.116861658,4.77385904,4.137460455,4.026789894,4.099773852,3.81821229,3.641410374,3.562913628,3.210971783,3.151658136,3.08528865,2.755545743,2.740237437,2.648020518,2.592010705,2.486640414,2.456042585,2.431382859,2.324160632,2.202561787,2.225054405,2.136474371,2.20566333,1.99098263,2.024596686,2.043250155,2.034132738,
Channel Islands,CHI,Military expenditure (% of general government expenditure),MS.MIL.XPND.ZS,,,,,,,,,,,,,,,,,,,,,,,,,,,,,,,,,,,,,,,,,,,,,,,,,,,,,,,,,,,
Chile,CHL,Military expenditure (% of general government expenditure),MS.MIL.XPND.ZS,,,,,,,,,,,,,,,,,,,,,,,,,,,,,,,14.74705633,12.70875667,11.98735529,12.20381256,12.32835616,12.65306272,11.71509603,11.9699024,11.72486188,11.39352263,11.7371681,11.39771983,10.88400492,12.14307632,12.9946093,12.486579,13.35155686,12.05820459,11.8357663,9.092726533,9.584875334,9.880453162,8.848858397,8.600366367,8.234497632,7.622077609,7.387745983,7.156006511,
China,CHN,Military expenditure (% of general government expenditure),MS.MIL.XPND.ZS,,,,,,,,,,,,,,,,,,,,,,,,,,,,,,13.38489248,13.96719585,14.47359756,17.1101275,15.05579812,14.35034075,15.42852257,15.25425377,14.45887051,13.43870236,12.85911436,11.69191317,11.98481017,11.87398319,11.63016226,11.58248752,10.97671859,10.95632439,10.53803234,8.375975063,8.091910287,7.642044825,6.790294665,6.545365377,6.542679792,6.579885385,6.088812822,6.033784857,6.101642885,
Cote d'Ivoire,CIV,Military expenditure (% of general government expenditure),MS.MIL.XPND.ZS,,,,,,,,,,,,,,,,,,,,,,,,,,,,,,,,,,,,,,3.804333433,,,,,,7.942918772,8.114124394,7.781788725,7.485086046,8.094398113,7.510832057,8.701320864,7.791687649,7.630900685,6.818676746,6.274811081,7.018586854,7.537706205,7.127169957,5.148459176,
Cameroon,CMR,Military expenditure (% of general government expenditure),MS.MIL.XPND.ZS,,,,,,,,,,,,,,,,,,,,,,,,,,,,,,,,,,,,,,,,,8.008972866,7.778867685,8.500389008,8.986489424,8.774830581,9.205223203,9.835149872,9.304185045,7.834610135,8.392637821,8.483789095,6.364793507,6.852450872,6.065427448,5.655135362,6.038934598,5.898874313,6.527110103,
"Congo, Dem. Rep.",COD,Military expenditure (% of general government expenditure),MS.MIL.XPND.ZS,,,,,,,,,,,,,,,,,,,,,,,,,,,,,,,,,,,,,16.05734767,12.66973533,3.471208435,12.16457236,8.87128834,,,8.820309822,15.29599955,15.74113541,15.57915124,12.52227348,6.904267196,5.261249438,5.348791684,6.606671034,8.259530534,9.906232465,5.471007266,8.076735154,8.020657641,6.444779413,
"Congo, Rep.",COG,Military expenditure (% of general government expenditure),MS.MIL.XPND.ZS,,,,,,,,,,,,,,,,,,,,,,,,,,,,,,,,,11.68659539,11.09758717,,,,,,,,7.95635775,8.459577536,9.004176386,10.00518048,6.861640555,5.893043338,6.704608539,7.408298218,,8.483903455,,,5.281724907,9.634102584,,15.79640272,17.90264195,
Colombia,COL,Military expenditure (% of general government expenditure),MS.MIL.XPND.ZS,,,,,,,,,,,,,,,,,,,,,,,,,,,,,10.86022221,8.877802811,9.100718692,8.977051731,9.748654756,10.80205327,10.20486047,10.67696609,14.84106535,8.958094533,10.93292276,11.14378757,11.47224196,12.07032489,12.24904329,12.44373773,13.11461136,13.03851198,11.58612856,11.65572553,13.92629544,13.08629765,12.35314386,10.69949325,11.20234082,11.34472303,10.6385577,10.50981153,10.94786378,11.02734592,
Comoros,COM,Military expenditure (% of general government expenditure),MS.MIL.XPND.ZS,,,,,,,,,,,,,,,,,,,,,,,,,,,,,,,,,,,,,,,,,,,,,,,,,,,,,,,,,,,
Cabo Verde,CPV,Military expenditure (% of general government expenditure),MS.MIL.XPND.ZS,,,,,,,,,,,,,,,,,,,,,,,,,,,,,,,,,,,1.58766032,2.445150707,1.791622131,1.934569027,2.334527825,2.081909891,2.738343538,2.426661006,1.82692971,2.234084618,1.945736697,1.936060671,1.693699658,1.778469405,1.987630991,1.468904158,1.264213184,1.572052402,1.60227033,1.566938972,1.773926341,1.777506161,2.069282086,1.656063582,
Costa Rica,CRI,Military expenditure (% of general government expenditure),MS.MIL.XPND.ZS,,,,,,,,,,,,,,,,,,,,,,,,,,,,,0,0,0,0,0,0,0,0,0,0,0,0,0,0,0,0,0,0,0,0,0,0,0,0,0,0,0,0,0,0,
Caribbean small states,CSS,Military expenditure (% of general government expenditure),MS.MIL.XPND.ZS,,,,,,,,,,,,,,,,,,,,,,,,,,,,,,,,,,,,,,,,,,,,,,,,,,,,,,,,,,,
Cuba,CUB,Military expenditure (% of general government expenditure),MS.MIL.XPND.ZS,,,,,,,,,,,,,,,,,,,,,,,,,,,,,,,,,,,,,,,,,,,,,,,,,,,,,,,,,,,
Curacao,CUW,Military expenditure (% of general government expenditure),MS.MIL.XPND.ZS,,,,,,,,,,,,,,,,,,,,,,,,,,,,,,,,,,,,,,,,,,,,,,,,,,,,,,,,,,,
Cayman Islands,CYM,Military expenditure (% of general government expenditure),MS.MIL.XPND.ZS,,,,,,,,,,,,,,,,,,,,,,,,,,,,,,,,,,,,,,,,,,,,,,,,,,,,,,,,,,,
Cyprus,CYP,Military expenditure (% of general government expenditure),MS.MIL.XPND.ZS,,,,,,,,,,,,,,,,,,,,,,,,,,,,,,,,,,,,9.892933619,13.78910776,16.36998255,13.7399679,8.053892216,8.070175439,8.827856793,5.691788526,4.915188897,5.06163616,5.133435322,4.856230032,4.484645789,4.264280798,4.337210789,4.46784785,4.152827918,3.958767947,3.842921527,3.884903486,4.163638924,4.089724561,4.950872502,
Czech Republic,CZE,Military expenditure (% of general government expenditure),MS.MIL.XPND.ZS,,,,,,,,,,,,,,,,,,,,,,,,,,,,,,,,,,,,3.453725294,4.11805279,3.869105253,4.210769465,4.5400746,4.66578371,4.129459982,4.127800924,3.914545677,4.072489904,4.289852987,3.868992789,3.589348645,3.089997141,3.029468158,2.808209824,2.522310987,2.407416842,2.408660708,2.304630557,2.284660221,2.540342281,2.639302523,
Germany,DEU,Military expenditure (% of general government expenditure),MS.MIL.XPND.ZS,,,,,,,,,,,,,,,,,,,,,,,,,,,,,,,,4.578662042,4.190144632,3.751970861,3.437062443,2.905698479,3.18184952,3.115420012,3.098637501,3.107436707,3.226065307,2.99728613,2.984868799,2.925924007,2.910885628,2.878648051,2.838659618,2.889139382,2.940631039,2.919330752,2.864538692,2.865381672,2.960266234,2.738954869,2.675467604,2.689317494,2.707703033,2.732227967,
Djibouti,DJI,Military expenditure (% of general government expenditure),MS.MIL.XPND.ZS,,,,,,,,,,,,,,,,,,,,,,,,,,,,,,,16.22224178,17.6706199,14.36193223,13.43930284,14.38094485,15.68639141,14.93626645,15.04591251,15.39759271,14.99102277,14.36219103,15.32119808,16.9727432,18.33074016,14.95281425,17.18366643,19.22026865,10.90962441,9.107965302,,,,,,,,,,
Dominica,DMA,Military expenditure (% of general government expenditure),MS.MIL.XPND.ZS,,,,,,,,,,,,,,,,,,,,,,,,,,,,,,,,,,,,,,,,,,,,,,,,,,,,,,,,,,,
Denmark,DNK,Military expenditure (% of general government expenditure),MS.MIL.XPND.ZS,,,,,,,,,,,,,,,,,,,,,,,,,,,,,3.64210384,3.519203169,3.488035733,3.465595484,3.29377876,3.158768534,2.936257422,2.87960014,2.835966829,2.890419681,2.902823674,2.869541328,2.766243222,2.900180632,2.834105742,2.734654791,2.686367446,2.559426688,2.764396981,2.636034502,2.687926355,2.38816149,2.467870332,2.327745937,2.332535395,2.198573462,2.081539218,2.036436861,2.187886939,2.188565366,
Dominican Republic,DOM,Military expenditure (% of general government expenditure),MS.MIL.XPND.ZS,,,,,,,,,,,,,,,,,,,,,,,,,,,,,,,,,,,,,,5.641651574,5.864225856,5.789929839,7.085468441,7.712845074,6.683058376,4.018959011,4.026400576,5.061802136,4.229254054,3.856830449,3.827371373,4.107899999,4.225192533,3.780833111,3.246661528,3.458436363,3.781233198,3.793063514,3.799270405,3.574802887,
Algeria,DZA,Military expenditure (% of general government expenditure),MS.MIL.XPND.ZS,,,,,,,,,,,,,,,,,,,,,,,,,,,,,,,5.682615406,4.356299295,7.450020083,7.63411561,10.1321729,9.98956008,10.97405635,11.9647987,12.81751755,11.75622631,12.01709161,12.22570604,10.79421093,10.09628972,10.67413622,10.45512375,9.162891039,8.795526173,7.970411241,9.034169239,9.444183266,10.78104657,10.24518668,13.38797247,13.66434483,13.68705193,15.14558723,16.07698861,
East Asia & Pacific (excluding high income),EAP,Military expenditure (% of general government expenditure),MS.MIL.XPND.ZS,,,,,,,,,,,,,,,,,,,,,,,,,,,,,,,12.84359823,13.49780451,15.53440691,12.94840206,12.75937545,14.16905986,14.02167098,13.15187532,12.37421496,11.58505917,10.57596883,10.78246673,10.62721623,10.34684212,10.22432599,9.748201726,9.653183169,9.404742598,7.621878053,7.344492393,6.925019951,6.284745936,6.163015532,6.254440534,6.278136985,5.94333923,5.866159329,5.852993444,
Early-demographic dividend,EAR,Military expenditure (% of general government expenditure),MS.MIL.XPND.ZS,,,,,,,,,,,,,,,,,,,,,,,,,,,,,,,,,,,,11.33132379,11.0584724,11.71400336,13.28556904,11.98552169,10.92996914,10.47107625,10.15061955,9.941788285,10.07023436,10.07235576,10.03920253,9.464785237,8.844026627,9.205151302,8.848915128,8.435525349,8.837516055,9.172220142,9.57627739,10.86212971,9.425946411,9.871719358,
East Asia & Pacific,EAS,Military expenditure (% of general government expenditure),MS.MIL.XPND.ZS,,,,,,,,,,,,,,,,,,,,,,,,,,,,,4.225203967,5.038630404,5.413610444,5.299102191,5.44714045,5.020737483,4.912966446,5.896510251,6.234069625,6.353404925,5.785456447,5.745828623,5.29408023,5.667016555,5.861793562,5.703766348,5.78006899,5.96327464,6.26178181,6.415919485,5.768557396,5.493766366,5.442379746,5.213965905,5.178634417,5.44267368,5.650016582,5.620305301,5.520181867,5.545392317,
Europe & Central Asia (excluding high income),ECA,Military expenditure (% of general government expenditure),MS.MIL.XPND.ZS,,,,,,,,,,,,,,,,,,,,,,,,,,,,,,,,,,,,,,,,,,,,,,,,,,,,,,,,,,,
Europe & Central Asia,ECS,Military expenditure (% of general government expenditure),MS.MIL.XPND.ZS,,,,,,,,,,,,,,,,,,,,,,,,,,,,,6.31845658,6.139798827,5.777795197,5.392761201,4.955852146,4.654129429,4.53835864,4.181918338,4.267246004,4.323896927,4.27258008,4.267009543,4.395442942,4.258972443,4.236336615,4.16754493,4.133688412,4.060680542,3.995722056,3.97435455,3.851883779,3.734974575,3.648594547,3.566983718,3.539010255,3.440294931,3.395065256,3.415360173,3.436911143,3.455737607,
Ecuador,ECU,Military expenditure (% of general government expenditure),MS.MIL.XPND.ZS,,,,,,,,,,,,,,,,,,,,,,,,,,,,,,,,,,,,9.844559585,8.013004399,8.789853796,9.697933227,6.494076349,6.254408653,7.76228017,8.196721311,11.21906786,9.475510476,10.74324324,9.568896052,10.64607883,7.563990625,9.456574478,8.680512374,7.841802493,7.31699158,6.575395967,6.283585893,6.692543543,6.521017125,6.358789625,
"Egypt, Arab Rep.",EGY,Military expenditure (% of general government expenditure),MS.MIL.XPND.ZS,,,,,,,,,,,,,,,,,,,,,,,,,,,,,,,,,,,,,,,,,,,9.381037541,9.486821969,8.934884598,8.584527301,7.256215706,7.09491177,6.405967281,6.180257868,6.143445834,6.072250704,5.364309327,4.604766568,4.670681918,5.152424253,5.196645054,4.582764225,
Euro area,EMU,Military expenditure (% of general government expenditure),MS.MIL.XPND.ZS,,,,,,,,,,,,,,,,,,,,,,,,,,,,,5.623012461,5.454623532,5.073869271,4.77930913,4.464638818,4.232497504,4.139670456,3.774288732,3.889644839,3.899760125,3.852892695,3.872045112,3.923704096,3.743306906,3.688451476,3.664073599,3.675084829,3.585786907,3.507753801,3.451595386,3.427075635,3.347228599,3.224736566,3.160939176,3.119302318,3.007573574,2.939102522,2.964134417,3.049721887,3.078097845,
Eritrea,ERI,Military expenditure (% of general government expenditure),MS.MIL.XPND.ZS,,,,,,,,,,,,,,,,,,,,,,,,,,,,,,,,,,41.00380228,32.61710037,31.09362389,38.29509494,25.48011249,47.72491989,41.88476746,44.03411345,32.0612766,33.04648241,31.13802051,,,,,,,,,,,,,,,
Spain,ESP,Military expenditure (% of general government expenditure),MS.MIL.XPND.ZS,,,,,,,,,,,,,,,,,,,,,,,,,,,,,6.133594511,5.606502109,5.315244405,4.753091809,4.430932017,4.105971099,4.229487974,4.210138095,4.098742891,4.027869666,4.081455707,4.395323067,4.414412845,4.246158364,3.771132382,3.711097598,3.689628571,3.608744074,3.564722533,3.485009984,3.30383371,2.941125611,3.018119836,2.889891303,2.935405172,2.778198738,2.780975618,2.90954539,2.683435398,2.994171767,
Estonia,EST,Military expenditure (% of general government expenditure),MS.MIL.XPND.ZS,,,,,,,,,,,,,,,,,,,,,,,,,,,,,,,,,,,,2.375557538,2.260992908,2.898952557,2.740213523,3.17714548,3.817078652,4.319868096,4.660194175,5,5.013673655,5.693372372,5.58,5.945054945,5.368012422,4.993608182,4.204964777,4.488618147,4.823379203,4.959472455,5.080953008,5.113149847,5.325443787,5.151972408,
Ethiopia,ETH,Military expenditure (% of general government expenditure),MS.MIL.XPND.ZS,,,,,,,,,,,,,,,,,,,,,,,,,,,,,26.01164929,28.22313329,30.77163416,22.58403795,17.01783591,15.69745162,11.45475049,9.008002867,7.879144595,15.09833283,28.80473164,36.16539407,29.53037709,19.2335197,14.84201691,12.07913306,13.27337418,12.06454501,10.27121191,9.079661446,7.943088564,6.923529615,6.133034275,5.983661558,5.215927084,4.541704292,4.395003019,4.071931377,3.649076339,3.75858076,
European Union,EUU,Military expenditure (% of general government expenditure),MS.MIL.XPND.ZS,,,,,,,,,,,,,,,,,,,,,,,,,,,,,6.363498576,6.17356657,5.791098811,5.404273531,4.952624883,4.659767988,4.537724716,4.166613078,4.254412637,4.292743673,4.254173232,4.260192973,4.303413415,4.156770442,4.112322584,4.061625535,4.031131123,3.934937357,3.8540961,3.81475785,3.714891082,3.599203308,3.491490877,3.422888653,3.377134352,3.263650639,3.210671452,3.249468303,3.280057678,3.298485113,
Fragile and conflict affected situations,FCS,Military expenditure (% of general government expenditure),MS.MIL.XPND.ZS,,,,,,,,,,,,,,,,,,,,,,,,,,,,,,,,,,,,,,11.27890365,,,,,,11.1571385,9.657602614,8.888055014,9.12496839,9.066913647,7.83598567,,,,,9.154345459,9.142543978,12.70785485,10.79101653,10.86521672,
Finland,FIN,Military expenditure (% of general government expenditure),MS.MIL.XPND.ZS,,,,,,,,,,,,,,,,,,,,,,,,,,,,,3.15285703,3.170379948,3.215111256,3.088826989,3.033359193,2.847758674,2.736397815,2.372089875,2.61878416,2.794949362,2.848963219,2.450551706,2.642334854,2.472701708,2.430583158,2.993634679,3.045662778,2.977544172,2.988710315,2.758349017,2.890481086,2.861555171,2.739627271,2.754375806,2.733077451,2.679617295,2.518211768,2.567474744,2.570227642,2.649893376,
Fiji,FJI,Military expenditure (% of general government expenditure),MS.MIL.XPND.ZS,,,,,,,,,,,,,,,,,,,,,,,,,,,,,,,,,6.944024206,6.693766938,6.69701087,6.684931507,5.179775281,4.45663011,4.42364532,4.589041096,6.653658537,6.518324607,5.360824742,5.339879154,6.134644478,5.252161383,6.007702182,8.129592518,5.984583041,6.097264438,5.793888556,5.745914602,5.155642023,5.011709602,3.193830334,3.065001722,2.990518331,2.862202112,
France,FRA,Military expenditure (% of general government expenditure),MS.MIL.XPND.ZS,,,,,,,,,,,,,,,,,,,,,,,,,,,,,7.031615247,6.998852914,6.731170144,6.598590816,6.157425568,5.862826038,5.864102156,5.47640786,5.297249348,5.245057608,5.063291139,4.980615026,4.832949703,4.700788795,4.639277884,4.70711285,4.750950691,4.540608268,4.467038157,4.35686689,4.260833388,4.374487216,4.135380338,4.035562904,3.939646886,3.90038058,3.909763339,4.011447037,4.125745945,4.014546124,
Faroe Islands,FRO,Military expenditure (% of general government expenditure),MS.MIL.XPND.ZS,,,,,,,,,,,,,,,,,,,,,,,,,,,,,,,,,,,,,,,,,,,,,,,,,,,,,,,,,,,
"Micronesia, Fed. Sts.",FSM,Military expenditure (% of general government expenditure),MS.MIL.XPND.ZS,,,,,,,,,,,,,,,,,,,,,,,,,,,,,,,,,,,,,,,,,,,,,,,,,,,,,,,,,,,
Gabon,GAB,Military expenditure (% of general government expenditure),MS.MIL.XPND.ZS,,,,,,,,,,,,,,,,,,,,,,,,,,,,,,,,,,,,,,,,,8.334636956,6.445394326,6.932379886,7.851054284,7.728101763,6.012631351,6.068745249,,,,8.105519122,6.726676122,6.76339593,4.626005385,4.819175542,5.325159858,6.625609551,9.274613152,
United Kingdom,GBR,Military expenditure (% of general government expenditure),MS.MIL.XPND.ZS,,,,,,,,,,,,,,,,,,,,,,,,,,,,,10.17578991,9.94989454,9.42880542,9.508014762,8.466623664,7.870250129,7.480757933,6.840561574,6.894360641,6.655132712,6.592769521,6.477616103,6.34182321,6.294108898,6.299006889,6.250679392,5.959372555,5.728074946,5.615768461,5.633451544,5.58576188,5.498164641,5.331589704,5.296220008,5.054164682,4.980862456,4.801067297,4.6910864,4.675631065,4.657679184,
Georgia,GEO,Military expenditure (% of general government expenditure),MS.MIL.XPND.ZS,,,,,,,,,,,,,,,,,,,,,,,,,,,,,,,,,,,,,11.69630643,5.565302144,5.850409836,4.548611111,3.539486204,4.280762565,6.089795918,6.462316384,7.088760504,15.02877614,22.40348692,32.21858828,26.08249077,15.65595404,11.80373287,11.16504506,10.50007847,9.483862106,8.408425328,8.105016498,8.157843578,7.49389951,
Ghana,GHA,Military expenditure (% of general government expenditure),MS.MIL.XPND.ZS,,,,,,,,,,,,,,,,,,,,,,,,,,,,,2.3015,2.261481481,2.648823529,3.310869565,2.563521127,2.333333333,2.217607362,2.410778689,2.149230769,2.233764988,2.629940594,2.782746479,3.440062035,1.789498069,2.278382582,2.336708861,1.884386617,1.888347939,1.704452358,2.058913917,1.663369761,1.926343775,1.42196982,2.228661298,2.699260184,1.856264203,2.313195071,2.109775008,1.465065592,1.739790405,
Gibraltar,GIB,Military expenditure (% of general government expenditure),MS.MIL.XPND.ZS,,,,,,,,,,,,,,,,,,,,,,,,,,,,,,,,,,,,,,,,,,,,,,,,,,,,,,,,,,,
Guinea,GIN,Military expenditure (% of general government expenditure),MS.MIL.XPND.ZS,,,,,,,,,,,,,,,,,,,,,,,,,,,,,,,,10.50059296,8.783118217,7.246176779,7.717099404,,,6.690703639,8.496461841,9.90163002,8.992161254,15.36141063,16.74513609,11.96876082,12.41676058,,,,,,,,11.40961986,12.60595011,11.10222583,11.60151112,11.66324198,9.897318561,
"Gambia, The",GMB,Military expenditure (% of general government expenditure),MS.MIL.XPND.ZS,,,,,,,,,,,,,,,,,,,,,,,,,,,,,,,,,,,,,,,,,3.45247766,2.52956636,2.384737679,2.462203024,1.538869727,2.204134367,1.885245902,3.174291328,9.27666829,3.408763072,,,4.12618006,4.269045985,6.255646817,5.153021188,,,
Guinea-Bissau,GNB,Military expenditure (% of general government expenditure),MS.MIL.XPND.ZS,,,,,,,,,,,,,,,,,,,,,,,,,,,,,,,,,,,1.082602577,1.965170155,2.294056309,2.044315992,5.628289474,,10.38344427,7.863190035,9.745110965,7.977176716,,9.394661022,,,,7.522893242,9.832987564,8.756951433,17.98782944,15.76263465,8.2486363,7.034205934,,,
Equatorial Guinea,GNQ,Military expenditure (% of general government expenditure),MS.MIL.XPND.ZS,,,,,,,,,,,,,,,,,,,,,,,,,,,,,,,,,,,0.389613454,1.445647517,,,,,,,,,,,,7.627762406,7.451525608,6.21105689,,,,,2.456062902,,0.629059586,,
Greece,GRC,Military expenditure (% of general government expenditure),MS.MIL.XPND.ZS,,,,,,,,,,,,,,,,,,,,,,,,,,,,,10.81018038,9.42776576,8.591844997,8.623751217,8.565759446,8.117594319,8.448840517,6.638230279,7.015456816,7.3100367,7.398161082,7.28097621,7.464308044,7.070426359,6.719609939,5.352648311,5.472424298,6.225847672,6.169372889,5.692243079,5.866906153,5.963302038,5.19651649,4.56325194,4.592577813,4.569522583,4.612703716,4.819511005,5.204192853,4.981237656,
Grenada,GRD,Military expenditure (% of general government expenditure),MS.MIL.XPND.ZS,,,,,,,,,,,,,,,,,,,,,,,,,,,,,,,,,,,,,,,,,,,,,,,,,,,,,,,,,,,
Greenland,GRL,Military expenditure (% of general government expenditure),MS.MIL.XPND.ZS,,,,,,,,,,,,,,,,,,,,,,,,,,,,,,,,,,,,,,,,,,,,,,,,,,,,,,,,,,,
Guatemala,GTM,Military expenditure (% of general government expenditure),MS.MIL.XPND.ZS,,,,,,,,,,,,,,,,,,,,,,,,,,,,,,,,,,,,11.53824352,9.505635537,6.956936968,5.761422955,4.880392994,6.412349555,7.250433723,5.49531964,5.390954316,3.574504737,2.798245614,2.943269773,2.790112889,3.119068269,2.752522364,2.827735869,2.872493506,3.177151121,3.367656902,3.123366053,3.226695163,3.50554851,2.950979699,
Guam,GUM,Military expenditure (% of general government expenditure),MS.MIL.XPND.ZS,,,,,,,,,,,,,,,,,,,,,,,,,,,,,,,,,,,,,,,,,,,,,,,,,,,,,,,,,,,
Guyana,GUY,Military expenditure (% of general government expenditure),MS.MIL.XPND.ZS,,,,,,,,,,,,,,,,,,,,,,,,,,,,,,,,,,,,,,,,,3.675305342,3.978423114,4.632872235,4.368684432,5.646613833,3.810141837,3.483191943,4.407672648,5.143888167,4.720023847,4.498055913,4.142691597,3.7792762,3.941114937,4.089089406,4.957600389,4.502368455,4.555618395,
High income,HIC,Military expenditure (% of general government expenditure),MS.MIL.XPND.ZS,,,,,,,,,,,,,,,,,,,,,,,,,,,,,,,,,,,,4.665925972,4.731418003,,,,,6.226066896,6.431436664,6.513743986,6.623015875,6.693058461,6.713980219,6.552879093,6.4483653,6.352064234,6.490275571,6.356976879,6.336648961,6.218404688,6.117913037,6.334761191,5.993349137,5.997452734,
"Hong Kong SAR, China",HKG,Military expenditure (% of general government expenditure),MS.MIL.XPND.ZS,,,,,,,,,,,,,,,,,,,,,,,,,,,,,,,,,,,,,,,,,,,,,,,,,,,,,,,,,,,
Honduras,HND,Military expenditure (% of general government expenditure),MS.MIL.XPND.ZS,,,,,,,,,,,,,,,,,,,,,,,,,,,,,,,8.308248043,5.438066465,,3.452036794,,,,,,,3.303067589,3.281786942,3.01836664,3.775388608,2.67264574,2.717025494,2.83857634,3.174033343,3.612305561,3.791364881,4.060176008,4.365986269,4.348228105,5.22870407,5.627247024,5.917633508,5.940616808,5.817360434,
Heavily indebted poor countries (HIPC),HPC,Military expenditure (% of general government expenditure),MS.MIL.XPND.ZS,,,,,,,,,,,,,,,,,,,,,,,,,,,,,,,,,,,,,,,,,11.56137409,9.448425981,9.160863856,8.110401304,9.810945641,7.897578105,8.599166345,9.184643795,9.1335651,9.799952469,6.477194936,6.078767473,5.633932175,5.669540841,5.541033346,6.671477512,7.090013674,7.570417566,
Croatia,HRV,Military expenditure (% of general government expenditure),MS.MIL.XPND.ZS,,,,,,,,,,,,,,,,,,,,,,,,,,,,,,,,,21.07471853,30.66178087,25.25545365,22.38761944,19.23008123,17.86276661,12.08449205,9.194309247,6.793039541,6.256493971,5.71105068,4.346018548,3.735579611,3.871945012,3.721342109,3.623297407,4.113640311,3.789563947,3.587011669,3.641133328,3.590845717,3.42832562,3.27483139,3.185487984,2.878732349,3.060651105,
Haiti,HTI,Military expenditure (% of general government expenditure),MS.MIL.XPND.ZS,,,,,,,,,,,,,,,,,,,,,,,,,,,,,,,,,,,,,,0,0,0,0,0,0,0,0,0,0,0,0,0,0,0,0,0,0,0,0,0.004857254,
Hungary,HUN,Military expenditure (% of general government expenditure),MS.MIL.XPND.ZS,,,,,,,,,,,,,,,,,,,,,,,,,,,,,,,,,,,,2.392205403,2.467860359,2.978356057,2.505704446,2.943909604,3.214849677,3.333506824,3.137374267,3.356333438,3.040798314,2.862184203,2.379132125,2.551276389,2.439159108,2.245520802,2.095477441,2.11462412,2.138860746,1.926425134,1.771900856,1.859717266,2.183229707,2.052199701,
IBRD only,IBD,Military expenditure (% of general government expenditure),MS.MIL.XPND.ZS,,,,,,,,,,,,,,,,,,,,,,,,,,,,,,,,,,,,,8.765339269,8.363275659,8.152832045,8.340843781,7.992387954,8.163265849,8.067062547,7.762723537,7.750384187,7.51974274,7.338054414,7.182884224,6.396086159,6.607404045,6.338250801,5.93765763,5.935565608,5.96947955,5.982872958,5.982486269,5.908863732,5.987589921,
IDA & IBRD total,IBT,Military expenditure (% of general government expenditure),MS.MIL.XPND.ZS,,,,,,,,,,,,,,,,,,,,,,,,,,,,,,,,,,,,,8.976567002,8.556952,8.388644308,8.573223213,8.179811103,8.305266961,8.21168475,7.934120797,7.952257428,7.650753227,7.499488404,7.268797106,6.479050441,6.712498363,6.378985501,6.007290773,6.037799284,6.065953764,6.088947442,6.146730183,6.078861591,6.114808536,
IDA total,IDA,Military expenditure (% of general government expenditure),MS.MIL.XPND.ZS,,,,,,,,,,,,,,,,,,,,,,,,,,,,,,,,,,,,,,,,,12.76855851,11.83047845,11.61620915,11.54521538,11.83979711,10.35101067,10.65486004,8.807055966,8.045140136,8.882759292,7.29378383,7.540569572,8.074072617,7.938885849,8.142327445,9.221582399,9.499305283,9.107677465,
IDA blend,IDB,Military expenditure (% of general government expenditure),MS.MIL.XPND.ZS,,,,,,,,,,,,,,,,,,,,,,,,,,,,,,,,,,,,,,,,,12.37576982,12.54224733,12.80290456,14.37088179,12.83819557,11.57297068,11.53978081,7.636479457,7.347317949,8.271417088,7.602597861,7.707039333,7.844214741,7.810727963,8.180181818,9.199596895,10.40235501,10.46258134,
Indonesia,IDN,Military expenditure (% of general government expenditure),MS.MIL.XPND.ZS,,,,,,,,,,,,,,,,,,,,,,,,,,,,,,,,,,7.185353632,7.748692273,8.523856859,9.093321414,8.128694714,5.593688139,4.432297577,4.112527005,2.699516343,3.802433339,4.59959013,4.875839406,3.959025799,3.561512898,3.803446063,2.985179777,3.35440332,3.657325749,3.690922895,3.777643146,4.815055577,4.18061339,5.108476199,4.701586202,4.758532722,
IDA only,IDX,Military expenditure (% of general government expenditure),MS.MIL.XPND.ZS,,,,,,,,,,,,,,,,,,,,,,,,,,,,,,,,,,,,,,10.82622466,13.44459297,14.59777165,13.10821105,11.26398689,10.70730219,9.714386072,11.13944203,9.451980155,9.803599244,10.19278062,8.945868877,9.556435899,6.860991966,7.347861768,8.307898338,8.058637111,8.108371006,9.240200651,8.790817407,7.960391189,
Isle of Man,IMN,Military expenditure (% of general government expenditure),MS.MIL.XPND.ZS,,,,,,,,,,,,,,,,,,,,,,,,,,,,,,,,,,,,,,,,,,,,,,,,,,,,,,,,,,,
India,IND,Military expenditure (% of general government expenditure),MS.MIL.XPND.ZS,,,,,,,,,,,,,,,,,,,,,,,,,,,,,14.77827337,13.56620071,12.40058387,10.85751596,10.31229972,10.96859705,10.34573638,10.50325183,10.32728064,10.67790153,10.65950762,11.64056382,11.50305704,10.52395153,9.879555899,9.100118151,10.11742908,10.42312827,9.478415923,8.851182208,8.888781442,10.3147376,9.864230324,9.592767418,9.272621064,9.295983197,9.470380938,8.761875256,8.985107008,9.06946168,
Not classified,INX,Military expenditure (% of general government expenditure),MS.MIL.XPND.ZS,,,,,,,,,,,,,,,,,,,,,,,,,,,,,,,,,,,,,,,,,,,,,,,,,,,,,,,,,,,
Ireland,IRL,Military expenditure (% of general government expenditure),MS.MIL.XPND.ZS,,,,,,,,,,,,,,,,,,,,,,,,,,,,,2.461738847,2.580773569,2.737259139,2.749735066,2.59305083,2.583174188,2.535941551,2.483917084,2.538330494,2.530995815,2.382151853,2.211840976,2.253167583,2.165245041,1.918668062,1.781147165,1.714087037,1.622607592,1.515572592,1.417543264,1.376578046,1.274639784,0.881980859,1.175081341,1.22369976,1.253968254,1.229687585,1.189468113,1.217731526,1.302022025,
"Iran, Islamic Rep.",IRN,Military expenditure (% of general government expenditure),MS.MIL.XPND.ZS,,,,,,,,,,,,,,,,,,,,,,,,,,,,,,,14.47850544,12.48761855,9.896932844,5.139502994,7.598895634,8.498503896,10.64925169,11.86799289,12.94323803,12.56841276,14.03699201,14.47869167,10.86260025,12.09905865,15.18302183,14.14528467,14.20854288,14.02301975,12.60657389,15.32192108,15.15560586,13.00989758,19.32365558,15.61127342,14.80313814,15.4338617,15.20681891,15.77200859,
Iraq,IRQ,Military expenditure (% of general government expenditure),MS.MIL.XPND.ZS,,,,,,,,,,,,,,,,,,,,,,,,,,,,,,,,,,,,,,,,,,,,,1.832230274,3.548089364,3.770341521,4.856482408,4.135517367,4.923920456,5.465119385,5.311237003,4.428775028,6.912181999,6.782296999,12.5600179,8.387486895,9.396552158,
Iceland,ISL,Military expenditure (% of general government expenditure),MS.MIL.XPND.ZS,,,,,,,,,,,,,,,,,,,,,,,,,,,,,0,0,0,0,0,0,0,0,0,0,0,0,0,0,0,0,0,0,0,0,0,0,0,0,0,0,0,0,0,0,
Israel,ISR,Military expenditure (% of general government expenditure),MS.MIL.XPND.ZS,,,,,,,,,,,,,,,,,,,,,,,,,,,,,,,,,,,,,,,,,15.00850753,14.85374215,16.54955564,17.14979838,17.71486877,16.91428873,17.08278207,16.14843685,15.81318282,16.26338041,15.40647992,15.69158325,14.80407765,14.63164013,14.95843867,14.29571727,11.59872463,11.5354518,
Italy,ITA,Military expenditure (% of general government expenditure),MS.MIL.XPND.ZS,,,,,,,,,,,,,,,,,,,,,,,,,,,,,4.533621143,4.316856866,3.70825952,3.583388872,3.385663438,3.393524233,3.415192642,3.194386468,3.467959774,3.695689958,3.837605887,4.006416839,4.314177224,3.984381329,4.111338222,4.078144524,4.050195537,3.838590946,3.610826378,3.488787416,3.606673294,3.426411868,3.398651333,3.392318709,3.206109853,3.116704884,2.882825608,2.747525162,3.075439733,3.12264856,
Jamaica,JAM,Military expenditure (% of general government expenditure),MS.MIL.XPND.ZS,,,,,,,,,,,,,,,,,,,,,,,,,,,,,,,3.137016512,2.96819788,5.315167272,3.704620462,2.844455053,2.267032786,1.98748911,2.248087141,1.866951869,1.711616544,1.797361627,1.723091961,1.837680531,1.744100234,1.656684521,1.756226236,1.90467075,2.014852383,2.699706158,2.394301449,2.592130782,2.846919086,3.059333198,3.257266244,3.208053272,3.142526914,3.340448907,3.0532019,
Jordan,JOR,Military expenditure (% of general government expenditure),MS.MIL.XPND.ZS,,,,,,,,,,,,,,,,,,,,,,,,,,,,,20.46511628,20.87286528,17.48366013,22.67486549,19.42501943,19.16548798,18.94946809,12.36749117,16.45358533,17.74647887,17.07080504,18.02383317,18.44226044,17.7221172,16.17839965,16.19865571,13.67071968,12.13840045,12.65326889,16.15537409,17.90822961,18.60795455,19.37467157,16.64657454,14.92151826,12.08505124,11.42070828,14.8024787,15.80576173,15.79538938,
Japan,JPN,Military expenditure (% of general government expenditure),MS.MIL.XPND.ZS,,,,,,,,,,,,,,,,,,,,,,,,,,,,,3.054543274,3.100129602,3.070998439,3.087368453,3.021545617,2.866109543,2.790648459,2.722741157,2.669723043,2.75872769,2.410100814,2.637311188,2.567995447,2.665919088,2.674857782,2.707259482,2.865630889,2.814013922,2.783783114,2.700497087,2.688439744,2.531898472,2.526029532,2.539747966,2.502424896,2.446551477,2.543000193,2.622513427,2.558414779,2.55013571,
Kazakhstan,KAZ,Military expenditure (% of general government expenditure),MS.MIL.XPND.ZS,,,,,,,,,,,,,,,,,,,,,,,,,,,,,,,,,,,,,,,,,,,4.863493227,4.822863827,4.64779592,4.682647542,4.944713678,5.471064547,4.2657595,4.699728438,4.513845758,4.410460646,4.777772513,5.442497788,4.899721096,4.852968531,4.347660121,3.24999234,
Kenya,KEN,Military expenditure (% of general government expenditure),MS.MIL.XPND.ZS,,,,,,,,,,,,,,,,,,,,,,,,,,,,,9.936634017,8.909559353,8.793852478,7.564879698,5.839984201,5.289676891,4.93679343,5.368018705,6.152832176,5.70797683,5.303114671,5.672312185,6.273781279,6.821919391,6.85557066,6.938077229,7.131020807,7.033481434,6.809237806,7.005648529,7.079012882,6.749535842,6.422938937,6.539167028,6.89271931,6.150166836,4.909338938,4.84681876,4.8067657,4.479642404,
Kyrgyz Republic,KGZ,Military expenditure (% of general government expenditure),MS.MIL.XPND.ZS,,,,,,,,,,,,,,,,,,,,,,,,,,,,,,,,,,,,9.13159444,10.44413742,9.99289526,7.424558261,7.245725396,9.528002836,8.35339469,9.288833635,10.20850142,10.010019,10.39534027,10.52539405,9.609975416,9.911430542,9.240356255,10.36646525,9.095417669,7.90311188,8.378647582,9.833098295,9.384473525,8.865919704,7.804272129,
Cambodia,KHM,Military expenditure (% of general government expenditure),MS.MIL.XPND.ZS,,,,,,,,,,,,,,,,,,,,,,,,,,,,,,,,,,,,,20.67331173,24.18726196,19.85744645,18.18055796,14.6882661,11.72829878,9.002562023,9.191189065,9.352853209,9.143657438,8.053352425,6.349889407,5.189205986,6.611553045,7.502634838,7.618825718,7.464644056,7.729088288,7.925914067,10.34156567,8.103173864,8.968781911,
Kiribati,KIR,Military expenditure (% of general government expenditure),MS.MIL.XPND.ZS,,,,,,,,,,,,,,,,,,,,,,,,,,,,,,,,,,,,,,,,,,,,,,,,,,,,,,,,,,,
St. Kitts and Nevis,KNA,Military expenditure (% of general government expenditure),MS.MIL.XPND.ZS,,,,,,,,,,,,,,,,,,,,,,,,,,,,,,,,,,,,,,,,,,,,,,,,,,,,,,,,,,,
"Korea, Rep.",KOR,Military expenditure (% of general government expenditure),MS.MIL.XPND.ZS,,,,,,,,,,,,,,,,,,,,,,,,,,,,,,,,,,,,20.30608069,18.51358364,18.16395551,16.41662514,14.52650827,14.41778515,13.45963056,13.65655554,12.17343889,11.70677806,12.56149564,12.28354713,12.07364959,12.50409293,12.79445989,13.22032452,12.96776962,12.70843411,12.51096293,12.80488476,12.64042266,12.63807497,12.12166593,
Kuwait,KWT,Military expenditure (% of general government expenditure),MS.MIL.XPND.ZS,,,,,,,,,,,,,,,,,,,,,,,,,,,,,,,52.56201708,57.47809762,34.99622071,20.2681388,22.65570734,24.88146308,23.1181515,18.5152947,16.91391051,16.89730517,19.55870764,17.92918299,17.67312448,17.6671085,16.97129027,15.44461191,11.10047847,11.93622449,7.441424555,9.414347894,8.39527027,8.964707299,8.795145682,8.576375989,8.097311671,9.204345508,10.99345409,11.31357782,
Latin America & Caribbean (excluding high income),LAC,Military expenditure (% of general government expenditure),MS.MIL.XPND.ZS,,,,,,,,,,,,,,,,,,,,,,,,,,,,,,,,,,,,,4.868751593,4.323503845,4.42278674,4.388457906,4.783690042,4.90134959,4.440616388,3.85371019,4.019248645,4.104620487,3.93441011,4.109099684,4.140886007,4.303168629,4.166283467,3.910661252,4.000457018,4.004554612,3.818709983,4.009152553,3.843734998,3.921179067,
Lao PDR,LAO,Military expenditure (% of general government expenditure),MS.MIL.XPND.ZS,,,,,,,,,,,,,,,,,,,,,,,,,,,,,,,,,,,,,,,,,3.83361678,3.285067733,3.730361673,2.897974853,3.270588381,2.488120445,2.294578395,1.981257444,1.83121961,1.183324041,0.916815072,1.019530164,0.940039974,0.752081748,,,,,
Lebanon,LBN,Military expenditure (% of general government expenditure),MS.MIL.XPND.ZS,,,,,,,,,,,,,,,,,,,,,,,,,,,,,,,19.14428883,14.68077583,22.40358174,26.44850672,14.99043677,21.87238458,13.16649996,10.76625855,11.72774421,13.58413417,12.75486764,14.18419945,13.0974202,13.00989294,13.54789662,14.24897726,12.67942723,13.18711152,11.70065232,12.55632901,14.14676816,14.13489323,13.20633449,14.280222,16.36963117,16.82427806,17.76485403,15.55347585,
Liberia,LBR,Military expenditure (% of general government expenditure),MS.MIL.XPND.ZS,,,,,,,,,,,,,,,,,,,,,,,,,,,,,,,,,,,,,,,,,,,,,4.611594203,10.42207792,4.96835443,2.355405405,1.217133956,1.902910053,2.013809524,2.968903803,2.885741445,2.346506211,2.245904173,1.712847222,1.937533156,1.73086185,
Libya,LBY,Military expenditure (% of general government expenditure),MS.MIL.XPND.ZS,,,,,,,,,,,,,,,,,,,,,,,,,,,,,,,,,,,,,,11.68725947,14.21351864,11.52520465,10.2677747,6.296813508,5.240134877,4.835924007,4.899972595,5.023896855,3.587782866,2.809203885,3.091836266,,,,8.197616251,8.672354773,10.81692245,,,,
St. Lucia,LCA,Military expenditure (% of general government expenditure),MS.MIL.XPND.ZS,,,,,,,,,,,,,,,,,,,,,,,,,,,,,,,,,,,,,,,,,,,,,,,,,,,,,,,,,,,
Latin America & Caribbean,LCN,Military expenditure (% of general government expenditure),MS.MIL.XPND.ZS,,,,,,,,,,,,,,,,,,,,,,,,,,,,,,,,,,,,,5.088157952,4.586186522,4.634132031,4.648369363,4.917296726,4.975533826,4.646904182,4.147591092,4.323202343,4.348396896,4.194421957,4.265732508,4.248865384,4.31053841,4.201234235,3.946797782,3.978331027,3.989904608,3.823167259,3.876041229,3.74790838,3.82194915,
Least developed countries: UN classification,LDC,Military expenditure (% of general government expenditure),MS.MIL.XPND.ZS,,,,,,,,,,,,,,,,,,,,,,,,,,,,,,,,,,,,,,11.44960428,13.39775996,14.80070214,13.78114975,11.22630269,10.52808932,9.663106868,11.60437908,10.27104097,10.8011373,10.08191803,9.291257524,10.75703295,8.402833033,8.413992915,9.103379523,9.891778856,9.883511262,10.3786384,10.0689433,9.307974788,
Low income,LIC,Military expenditure (% of general government expenditure),MS.MIL.XPND.ZS,,,,,,,,,,,,,,,,,,,,,,,,,,,,,,,,,,,,,,,,,12.23158571,11.65580475,10.68658391,10.54204757,10.16226309,9.746214412,9.745050331,9.471442723,6.939169939,6.635048829,6.866207425,8.29245633,7.413106045,7.778309106,7.206949919,7.587548078,6.283905543,5.797945284,
Liechtenstein,LIE,Military expenditure (% of general government expenditure),MS.MIL.XPND.ZS,,,,,,,,,,,,,,,,,,,,,,,,,,,,,,,,,,,,,,,,,,,,,,,,,,,,,,,,,,,
Sri Lanka,LKA,Military expenditure (% of general government expenditure),MS.MIL.XPND.ZS,,,,,,,,,,,,,,,,,,,,,,,,,,,,,,,7.506662392,9.534016233,11.95253038,12.10230201,12.64669368,19.34442759,19.53276884,17.68114326,17.75699179,16.06030361,18.93193141,15.63795928,13.58320914,12.53644525,13.15082636,11.07552818,11.52768006,13.86730588,16.44044141,14.55770608,13.53040058,13.51538989,12.09138212,12.5170837,13.5105789,12.54364987,10.86662442,11.02007796,
Lower middle income,LMC,Military expenditure (% of general government expenditure),MS.MIL.XPND.ZS,,,,,,,,,,,,,,,,,,,,,,,,,,,,,,,,,,11.4659515,11.0479668,10.81396802,10.9451263,10.76308046,11.0015113,11.07211081,10.34121242,9.690697743,9.236466862,9.040554346,9.479246906,9.111235025,8.673600466,8.070348857,7.756374285,8.580374057,7.872405716,7.570634794,7.495729258,7.79827638,8.064991679,8.207988918,8.381922035,8.369864857,
Low & middle income,LMY,Military expenditure (% of general government expenditure),MS.MIL.XPND.ZS,,,,,,,,,,,,,,,,,,,,,,,,,,,,,,,,,,,,,9.390967374,8.878688954,8.763020075,9.035091827,8.56146235,8.735741085,8.479873141,8.186676575,8.204325699,7.890430748,7.722848191,7.483250775,6.676593062,6.930310998,6.562012237,6.16187671,6.196479278,6.222324893,6.231996746,6.31016068,6.241058054,6.28669248,
Lesotho,LSO,Military expenditure (% of general government expenditure),MS.MIL.XPND.ZS,,,,,,,,,,,,,,,,,,,,,,,,,,,,,8.944315545,11.33843212,10.91186736,9.333333333,7.828425821,7.010658915,6.98630137,7.915873016,6.972254005,6.20600657,5.64335536,7.103377687,8.769644334,6.833220224,6.123403623,5.882352941,5.5715856,5.00585343,4.712070328,4.743914807,2.931750357,4.053385811,5.589077355,3.651867543,3.594572368,3.347859106,3.498952207,3.572397291,3.78683354,3.943524692,
Late-demographic dividend,LTE,Military expenditure (% of general government expenditure),MS.MIL.XPND.ZS,,,,,,,,,,,,,,,,,,,,,,,,,,,,,,,,,,,,,9.438712287,8.859682288,8.504044014,8.924670544,8.749471815,9.465787336,9.263690938,8.817785301,8.713940425,8.201875349,7.947408146,7.753731501,6.747260498,6.678595852,6.390242071,5.998839499,6.050901776,6.139035089,6.116850436,5.799447186,5.752907029,5.749381908,
Lithuania,LTU,Military expenditure (% of general government expenditure),MS.MIL.XPND.ZS,,,,,,,,,,,,,,,,,,,,,,,,,,,,,,,,,,2.195881944,1.354801534,1.373828009,1.571160717,2.291832467,3.339027623,2.458046719,3.392087641,3.887419312,3.833070971,3.49657246,3.602788833,3.477090479,3.450268274,3.229419539,3.051891872,2.477178622,2.1326565,1.907596609,2.17708236,2.202696746,2.585934586,3.307386939,4.441698842,5.028495969,
Luxembourg,LUX,Military expenditure (% of general government expenditure),MS.MIL.XPND.ZS,,,,,,,,,,,,,,,,,,,,,,,,,,,,,,,,,,,,1.620071685,1.58101616,1.649556049,1.694068131,1.607690436,1.594545038,1.971167602,1.570630179,1.545079449,1.543991504,1.497783891,1.469272076,1.487015297,1.067813797,0.961514921,1.167557467,1.010867323,0.95090899,0.966842144,1.007450041,1.153151484,1.057186644,1.207425345,
Latvia,LVA,Military expenditure (% of general government expenditure),MS.MIL.XPND.ZS,,,,,,,,,,,,,,,,,,,,,,,,,,,,,,,,,,,,,,,1.587443946,1.910750507,2.434502217,3.03160359,4.501216545,4.885641677,4.766153014,4.667519182,5.063881215,4.707140947,4.46388515,3.248510427,2.53951801,2.685525815,2.445618778,2.515308526,2.496080627,2.774270788,4.011120802,4.484278578,
"Macao SAR, China",MAC,Military expenditure (% of general government expenditure),MS.MIL.XPND.ZS,,,,,,,,,,,,,,,,,,,,,,,,,,,,,,,,,,,,,,,,,,,,,,,,,,,,,,,,,,,
St. Martin (French part),MAF,Military expenditure (% of general government expenditure),MS.MIL.XPND.ZS,,,,,,,,,,,,,,,,,,,,,,,,,,,,,,,,,,,,,,,,,,,,,,,,,,,,,,,,,,,
Morocco,MAR,Military expenditure (% of general government expenditure),MS.MIL.XPND.ZS,,,,,,,,,,,,,,,,,,,,,,,,,,,,,,,14.50021379,15.80369844,15.11296179,15.81092095,16.29825654,16.00396189,17.61395375,17.78011643,17.03428214,14.54047482,8.978520005,14.52658998,12.49913489,13.39743097,12.26654863,10.51285644,11.0609042,10.65254246,10.41111887,10.81203358,10.91352859,9.75643195,9.832848277,11.55621536,11.18755609,10.52065407,10.64718108,10.71202608,
Monaco,MCO,Military expenditure (% of general government expenditure),MS.MIL.XPND.ZS,,,,,,,,,,,,,,,,,,,,,,,,,,,,,,,,,,,,,,,,,,,,,,,,,,,,,,,,,,,
Moldova,MDA,Military expenditure (% of general government expenditure),MS.MIL.XPND.ZS,,,,,,,,,,,,,,,,,,,,,,,,,,,,,,,,,,,,2.203452075,2.094194313,1.964852331,1.598429613,1.548672566,1.138284481,1.364283173,1.365734064,1.24284016,1.037022422,1.078248426,1.197671195,1.208535998,1.466431772,1.010776256,0.770982765,0.838230265,0.814068088,0.866964078,0.868033743,0.932863103,1.213146348,0.975031024,
Madagascar,MDG,Military expenditure (% of general government expenditure),MS.MIL.XPND.ZS,,,,,,,,,,,,,,,,,,,,,,,,,,,,,9.026220879,6.155408192,7.232834774,7.908867989,3.841796065,5.452320437,4.690007678,4.882508067,6.964000832,8.528125279,6.767826566,6.801936269,6.645312922,7.811275216,8.671644711,6.870296754,4.956038285,5.023259269,4.563053097,5.975076994,6.128716029,5.901098738,4.643247861,5.175555593,5.147428131,4.554840099,4.431719709,3.994832229,3.708645245,2.889634939,
Maldives,MDV,Military expenditure (% of general government expenditure),MS.MIL.XPND.ZS,,,,,,,,,,,,,,,,,,,,,,,,,,,,,,,,,,,,,,,,,,,,,,,,,,,,,,,,,,,
Middle East & North Africa,MEA,Military expenditure (% of general government expenditure),MS.MIL.XPND.ZS,,,,,,,,,,,,,,,,,,,,,,,,,,,,,,,,32.16107816,24.7615352,22.64306624,22.26089326,20.83336525,19.94723406,21.73440412,25.78660134,23.83215707,20.5205925,20.38263625,18.38194965,18.30937727,17.84110161,17.88857344,17.82781106,17.08958282,15.51902254,15.69714224,15.62868519,14.88579475,16.11864172,16.91811833,17.50264661,20.4505165,16.86393765,18.61503466,
Mexico,MEX,Military expenditure (% of general government expenditure),MS.MIL.XPND.ZS,,,,,,,,,,,,,,,,,,,,,,,,,,,,,,,1.803660469,2.103483732,2.43902439,2.567652745,3.008352335,2.239561375,2.196929481,2.079838686,2.210685141,2.239742602,2.325287109,2.299684953,2.121409963,1.968718882,1.878749026,1.889894164,1.847832858,1.959862496,1.735768088,1.920873985,2.0994708,2.040846892,2.124180929,2.21999611,2.392656851,2.473284124,2.212022612,2.161239012,
Marshall Islands,MHL,Military expenditure (% of general government expenditure),MS.MIL.XPND.ZS,,,,,,,,,,,,,,,,,,,,,,,,,,,,,,,,,,,,,,,,,,,,,,,,,,,,,,,,,,,
Middle income,MIC,Military expenditure (% of general government expenditure),MS.MIL.XPND.ZS,,,,,,,,,,,,,,,,,,,,,,,,,,,,,,,,,,,,,9.33580389,8.833459575,8.699424896,8.973174719,8.507251634,8.692142105,8.445629009,8.146538822,8.169356245,7.858996931,7.693770826,7.455748434,6.673574639,6.933719562,6.558611556,6.133154692,6.179108607,6.199410793,6.217175531,6.28999004,6.240456717,6.293475104,
North Macedonia,MKD,Military expenditure (% of general government expenditure),MS.MIL.XPND.ZS,,,,,,,,,,,,,,,,,,,,,,,,,,,,,,,,,,,,,,6.463482797,6.394743883,5.165702695,5.77937409,16.32785077,6.927033759,6.504771061,6.97635576,6.245656924,5.839000351,6.200786227,5.160700772,5.029966369,4.251408555,3.962196524,3.684403812,3.692219622,3.446260495,3.083039065,3.057549291,3.052689145,
Mali,MLI,Military expenditure (% of general government expenditure),MS.MIL.XPND.ZS,,,,,,,,,,,,,,,,,,,,,,,,,,,,,,,,,,,,,,,,,7.625128107,7.060949515,6.363547234,6.819100511,6.535268881,6.398599044,6.304140891,6.305500924,7.727228823,6.212470122,6.784235192,6.03564525,7.703293462,5.880714352,7.59519079,11.2718329,11.61869438,12.71367291,
Malta,MLT,Military expenditure (% of general government expenditure),MS.MIL.XPND.ZS,,,,,,,,,,,,,,,,,,,,,,,,,,,,,,,,,,,,,,,,,1.463631222,1.500263852,1.462283384,1.384441367,1.581769567,1.945950299,1.546882946,1.507841484,1.463351186,1.654998055,1.635066372,1.425780142,1.267253751,1.262842893,1.217753002,1.222004186,1.431269761,1.401757426,
Myanmar,MMR,Military expenditure (% of general government expenditure),MS.MIL.XPND.ZS,,,,,,,,,,,,,,,,,,,,,,,,,,,,,,,,,,,,,,9.852522131,9.134621279,8.972501314,10.44253653,9.997480067,8.990853516,12.75500081,12.7346884,10.24547437,,,,,,,20.5198897,17.76172451,15.62115448,17.62743203,16.68782634,12.44856397,
Middle East & North Africa (excluding high income),MNA,Military expenditure (% of general government expenditure),MS.MIL.XPND.ZS,,,,,,,,,,,,,,,,,,,,,,,,,,,,,,,,12.3017725,12.64966583,10.45537512,11.44086487,11.47323683,12.53767428,12.81788383,13.55887414,12.65560701,12.15328585,12.77025448,10.75009527,11.23788274,10.74500843,10.48438686,10.21698742,9.730639588,8.769130473,10.39079569,10.55792631,9.803028224,10.95659211,10.37933634,10.39485101,11.85003452,11.46923518,12.30930403,
Montenegro,MNE,Military expenditure (% of general government expenditure),MS.MIL.XPND.ZS,,,,,,,,,,,,,,,,,,,,,,,,,,,,,,,,,,,,,,,,,,,,,,7.056277056,5.384615385,3.977947413,3.663303909,3.591411841,3.888888889,3.863328823,3.624484182,3.168851395,3.329627207,3.037240971,2.995437466,3.335635081,
Mongolia,MNG,Military expenditure (% of general government expenditure),MS.MIL.XPND.ZS,,,,,,,,,,,,,,,,,,,,,,,,,,,,,13.4509042,12.12899543,8.821338102,8.224506807,6.978663209,4.998071639,5.89254766,5.510056849,5.609972021,5.133705084,4.895570897,5.051624442,6.181474033,5.183264248,5.099358561,4.530875205,4.371042227,4.697114951,4.382495801,3.783503581,3.154605975,2.315719648,2.416426866,2.207306726,2.375701227,2.05072845,2.200711779,2.575247389,2.12614478,2.090517269,
Northern Mariana Islands,MNP,Military expenditure (% of general government expenditure),MS.MIL.XPND.ZS,,,,,,,,,,,,,,,,,,,,,,,,,,,,,,,,,,,,,,,,,,,,,,,,,,,,,,,,,,,
Mozambique,MOZ,Military expenditure (% of general government expenditure),MS.MIL.XPND.ZS,,,,,,,,,,,,,,,,,,,,,,,,,,,,,11.12956811,12.47881356,11.39130435,10.75156576,10.1146325,9.969657564,10.73694485,5.827865689,6.009153994,5.210011817,5.938483403,5.76079151,5.42925227,4.313822343,4.830162784,4.879178966,5.504788821,4.132838141,2.999033896,3.034030831,3.042780429,2.675713083,3.265379321,2.81357892,2.954935124,2.886693105,2.411178634,2.819896574,3.242927542,2.546018376,
Mauritania,MRT,Military expenditure (% of general government expenditure),MS.MIL.XPND.ZS,,,,,,,,,,,,,,,,,,,,,,,,,,,,,,,,,,,,,,,,,,,,,12.46782421,10.64661654,11.00077005,,11.95414647,13.21420112,,,9.817051047,9.928745117,9.15208389,8.401808884,10.29730748,,
Mauritius,MUS,Military expenditure (% of general government expenditure),MS.MIL.XPND.ZS,,,,,,,,,,,,,,,,,,,,,,,,,,,,,,,1.448583254,1.702590674,1.674512758,1.705064993,1.446429785,1.457333416,1.379933626,1.111410263,0.990335806,0.968688845,0.853125,0.821010329,0.796608747,0.754260023,0.696467863,0.688597714,0.685060135,0.654172878,0.677953141,0.658230912,0.610134712,0.631770768,0.624976596,0.782334593,0.655648817,0.717847527,0.74278693,0.644476808,
Malawi,MWI,Military expenditure (% of general government expenditure),MS.MIL.XPND.ZS,,,,,,,,,,,,,,,,,,,,,,,,,,,,,,,,,,,,,,,,,,,2.181625286,1.892227979,2.622201881,4.271844202,3.107866771,2.597564007,2.875270351,3.358480718,2.611198475,2.756708527,2.887170892,3.848025601,3.142153374,2.304524203,2.304213975,2.71407351,
Malaysia,MYS,Military expenditure (% of general government expenditure),MS.MIL.XPND.ZS,,,,,,,,,,,,,,,,,,,,,,,,,,,,,,,7.179426684,9.867159682,8.947211452,9.911713479,10.3842063,10.44592727,9.256698226,8.569303899,6.377010785,7.829959614,5.855511779,6.782679301,7.506399506,8.553217416,8.027416531,8.458174374,7.494448441,7.565083887,6.778747611,6.058714117,5.601349919,5.732662081,4.977475867,5.397014551,5.527346633,6.098107175,6.012790213,5.021599529,
North America,NAC,Military expenditure (% of general government expenditure),MS.MIL.XPND.ZS,,,,,,,,,,,,,,,,,,,,,,,,,,,,,,,,,,,,,,,,,,8.467750049,9.099015092,9.916384368,10.46052612,10.51607077,10.42210076,10.22598155,10.37926173,10.27355548,10.58276222,10.60190631,10.22448693,9.567550363,8.944586449,8.637805822,8.38032888,8.169477275,
Namibia,NAM,Military expenditure (% of general government expenditure),MS.MIL.XPND.ZS,,,,,,,,,,,,,,,,,,,,,,,,,,,,,,,,15.43436293,11.52286734,6.851464435,5.6118202,5.833136931,5.527079304,6.582991803,6.583911862,8.685147849,7.788473218,8.809221658,8.702383186,8.371804736,8.827741408,9.464202696,9.459747987,10.09402863,11.18225724,10.58558559,10.60821427,9.316176896,9.036371405,8.369995332,10.35088108,10.3674303,9.699299924,8.844414362,
New Caledonia,NCL,Military expenditure (% of general government expenditure),MS.MIL.XPND.ZS,,,,,,,,,,,,,,,,,,,,,,,,,,,,,,,,,,,,,,,,,,,,,,,,,,,,,,,,,,,
Niger,NER,Military expenditure (% of general government expenditure),MS.MIL.XPND.ZS,,,,,,,,,,,,,,,,,,,,,,,,,,,,,,,,,,,,6.188493438,6.55713549,5.77737101,6.122256758,6.186798652,6.577192321,7.387173107,5.173919136,5.19310733,5.272846106,4.825379824,,,4.383545642,4.103531109,5.672094098,6.748245732,9.509628499,5.085917057,,,8.298327993,8.762634903,
Nigeria,NGA,Military expenditure (% of general government expenditure),MS.MIL.XPND.ZS,,,,,,,,,,,,,,,,,,,,,,,,,,,,,,,,,,,,,,,,,2.196814414,2.528800202,4.924068234,2.459312476,2.677240856,2.079704378,2.813783037,2.047798842,3.402290495,3.269972367,3.237482879,3.337547113,3.574378178,3.510008043,3.289718011,3.760189837,4.33283081,4.06515279,
Nicaragua,NIC,Military expenditure (% of general government expenditure),MS.MIL.XPND.ZS,,,,,,,,,,,,,,,,,,,,,,,,,,,,,,,,,,,,,,,,,2.379793061,2.222615258,2.888229476,2.785001828,2.384118106,2.266862519,2.588509562,2.492640515,2.316273334,2.237515161,2.261096231,2.256909806,2.770108194,2.809973313,2.791924891,3.068432671,2.399723852,2.240354229,
Netherlands,NLD,Military expenditure (% of general government expenditure),MS.MIL.XPND.ZS,,,,,,,,,,,,,,,,,,,,,,,,,,,,,4.919707196,4.911042529,4.583056168,4.347746142,4.222170159,3.866397024,3.7968438,3.341786935,3.744030205,3.659121671,3.583733228,3.657984647,3.463924798,3.370808381,3.294621872,3.26684051,3.3032836,3.332683519,3.268104981,3.22264612,3.034733473,2.936153044,2.787236353,2.77457681,2.654906284,2.550272014,2.5440588,2.548004512,2.700513735,2.840658591,
Norway,NOR,Military expenditure (% of general government expenditure),MS.MIL.XPND.ZS,,,,,,,,,,,,,,,,,,,,,,,,,,,,,5.815387271,5.890824244,5.737853199,5.348373254,5.613633449,5.194649474,5.374243726,4.633813242,4.556266789,4.390618083,4.468235931,4.348053156,4.08640518,3.927236636,4.545301793,4.193390215,4.186442509,3.858996006,3.688462509,3.713043685,3.541173085,3.559600002,3.438799541,3.375526723,3.318243152,3.263894682,3.261227619,3.133245449,3.223186322,3.35254506,
Nepal,NPL,Military expenditure (% of general government expenditure),MS.MIL.XPND.ZS,,,,,,,,,,,,,,,,,,,,,,,,,,,,,,,,,,,,,,,,,6.858086026,7.449650511,9.759673656,11.66822986,13.32006698,14.0259532,13.72043797,10.34353388,10.4208156,8.48442318,8.327343028,8.260119234,7.416966536,8.652327067,8.645813638,7.742784022,6.989984814,5.843353881,
Nauru,NRU,Military expenditure (% of general government expenditure),MS.MIL.XPND.ZS,,,,,,,,,,,,,,,,,,,,,,,,,,,,,,,,,,,,,,,,,,,,,,,,,,,,,,,,,,,
New Zealand,NZL,Military expenditure (% of general government expenditure),MS.MIL.XPND.ZS,,,,,,,,,,,,,,,,,,,,,,,,,,,,,5.087497401,5.044642857,5.175735638,4.7667371,4.425660913,4.585477416,4.803722012,4.907854815,4.98340249,4.845360825,4.724512157,4.654734704,4.620821208,4.46639012,4.221826301,4.165990433,3.885337555,3.666889595,3.913699248,3.806119951,3.586222593,3.711838741,3.335262634,3.172021637,3.33804526,3.277807867,3.345680218,3.291490517,3.380297515,3.487639179,
OECD members,OED,Military expenditure (% of general government expenditure),MS.MIL.XPND.ZS,,,,,,,,,,,,,,,,,,,,,,,,,,,,,,,,,,,,4.038760481,4.11175171,,,,,5.736633152,5.987741419,6.119170849,6.237639268,6.267748726,6.259792646,6.114971509,6.045277651,5.97520491,6.084698361,5.954041287,5.843362569,5.616592261,5.437408211,5.536075133,5.429244984,5.366753299,
Oman,OMN,Military expenditure (% of general government expenditure),MS.MIL.XPND.ZS,,,,,,,,,,,,,,,,,,,,,,,,,,,,,,,39.48404255,34.36431624,35.30640036,33.46328196,34.4365886,33.35195531,32.67405765,33.91964286,30.31852849,29.32991891,30.26197605,32.8405491,31.6347424,31.26664602,30.7584723,33.58526668,31.49593496,29.15177007,25.84971603,24.26082069,24.62645558,24.94114213,36.52853732,33.07477186,28.522658,28.64921,30.99101158,26.25373369,
Other small states,OSS,Military expenditure (% of general government expenditure),MS.MIL.XPND.ZS,,,,,,,,,,,,,,,,,,,,,,,,,,,,,,,,,,,,7.084951743,8.00244524,,8.047782107,,6.744733578,6.797474116,7.279261225,7.24225321,6.253730685,5.891756594,5.696367954,5.854351663,6.205370251,5.789672004,5.342423236,,,,,,,,
Pakistan,PAK,Military expenditure (% of general government expenditure),MS.MIL.XPND.ZS,,,,,,,,,,,,,,,,,,,,,,,,,,,,,,,,,,25.10168883,27.39592921,27.20622553,24.57582699,25.03728079,23.44688633,23.97516016,22.42281701,24.03238911,22.56929814,25.41437248,26.05786254,24.45055659,21.36511302,18.02774773,15.84212973,16.9404921,16.83466605,16.98073726,16.08995077,15.90650822,17.30046691,17.96238619,18.03221557,16.65476401,
Panama,PAN,Military expenditure (% of general government expenditure),MS.MIL.XPND.ZS,,,,,,,,,,,,,,,,,,,,,,,,,,,,,5.485074627,5.268872802,3.608094768,6.992882562,4.646226415,4.21798848,4.86278286,4.339622642,5.455525606,4.98521335,3.758583303,3.821917808,0,0,0,0,0,0,0,0,0,0,0,0,0,0,0,0,0,0,
Peru,PER,Military expenditure (% of general government expenditure),MS.MIL.XPND.ZS,,,,,,,,,,,,,,,,,,,,,,,,,,,,,,,,,,,,,,,,,8.32696735,8.463673731,7.919371278,7.570141382,7.129652704,7.952795889,7.704450329,7.01300335,6.318547174,7.11060754,6.982591842,6.976914596,7.293350609,7.58619553,7.032531501,7.736889013,6.187631132,4.595209177,
Philippines,PHL,Military expenditure (% of general government expenditure),MS.MIL.XPND.ZS,,,,,,,,,,,,,,,,,,,,,,,,,,,,,,12.48323601,10.01467717,9.774280873,9.692607292,10.74914935,9.668294786,10.51627768,10.11985334,8.257396003,8.08980675,7.54671074,7.484231854,6.76516247,6.918755856,7.324684334,6.755983608,6.818665484,6.886969069,7.102065451,6.991269075,6.259066277,6.377360504,6.72745002,6.127191992,6.660561005,6.027167843,6.064949549,6.264978573,6.894530849,
Palau,PLW,Military expenditure (% of general government expenditure),MS.MIL.XPND.ZS,,,,,,,,,,,,,,,,,,,,,,,,,,,,,,,,,,,,,,,,,,,,,,,,,,,,,,,,,,,
Papua New Guinea,PNG,Military expenditure (% of general government expenditure),MS.MIL.XPND.ZS,,,,,,,,,,,,,,,,,,,,,,,,,,,,,4.479910714,4.535323383,5.883408072,4.203020134,3.973277075,3.963378618,5.342639594,4.6157289,5.89166194,5.320930233,4.465136423,3.280400572,3.178110129,2.58230142,1.863930278,1.884415229,2.001017035,2.014066496,1.927104309,2.283865909,1.706024096,1.817029904,1.767676768,1.812983919,2.317281592,1.790376442,1.789827876,2.048165987,1.825619104,1.653543307,
Poland,POL,Military expenditure (% of general government expenditure),MS.MIL.XPND.ZS,,,,,,,,,,,,,,,,,,,,,,,,,,,,,,,,,,,,4.098318884,3.858188417,4.382540839,4.56094251,4.501229037,4.361300365,4.240765098,4.196533146,4.176843075,4.307701787,4.348818178,4.308776302,4.643254729,3.963498859,3.999481029,4.00344987,4.075436675,4.192758588,4.15473287,4.490790872,5.147826785,4.728692217,4.597146996,
Pre-demographic dividend,PRE,Military expenditure (% of general government expenditure),MS.MIL.XPND.ZS,,,,,,,,,,,,,,,,,,,,,,,,,,,,,,,,,,,,,,,,,11.3625652,9.691815707,9.569815799,8.792426728,7.600063061,7.248817003,7.5472197,6.496771329,6.491243185,7.505052345,6.050526265,6.234873723,5.867398969,7.198470799,6.944289585,8.813187113,7.901937818,8.576861907,
Puerto Rico,PRI,Military expenditure (% of general government expenditure),MS.MIL.XPND.ZS,,,,,,,,,,,,,,,,,,,,,,,,,,,,,,,,,,,,,,,,,,,,,,,,,,,,,,,,,,,
"Korea, Dem. People’s Rep.",PRK,Military expenditure (% of general government expenditure),MS.MIL.XPND.ZS,,,,,,,,,,,,,,,,,,,,,,,,,,,,,,,,,,,,,,,,,,,,,,,,,,,,,,,,,,,
Portugal,PRT,Military expenditure (% of general government expenditure),MS.MIL.XPND.ZS,,,,,,,,,,,,,,,,,,,,,,,,,,,,,5.771708015,5.87550077,5.606812447,5.131441651,4.864649,4.975241221,5.105242256,5.302890569,4.915012773,4.807475431,4.411690496,4.436849342,4.36723071,4.335925765,4.434216435,4.159533838,4.267762755,4.38612364,4.310101843,4.086728158,4.051027832,4.043533524,3.821444276,4.003994916,3.940332114,4.184307084,3.458782562,3.706452691,3.872636076,3.90083258,
Paraguay,PRY,Military expenditure (% of general government expenditure),MS.MIL.XPND.ZS,,,,,,,,,,,,,,,,,,,,,,,,,,,,,17.50125723,10.95038098,11.59933023,15.30985898,11.0594112,10.11192564,9.052645829,9.714242941,8.384105625,6.15973093,6.120833033,6.819780837,6.344864354,5.572592781,5.362580735,5.100376539,5.571237328,4.865108612,5.209093264,5.25722863,5.327966589,4.955353544,5.08244242,5.328546827,5.161746601,5.458334166,5.492404855,5.583974396,5.025907402,4.676179611,
West Bank and Gaza,PSE,Military expenditure (% of general government expenditure),MS.MIL.XPND.ZS,,,,,,,,,,,,,,,,,,,,,,,,,,,,,,,,,,,,,,,,,,,,,,,,,,,,,,,,,,,
Pacific island small states,PSS,Military expenditure (% of general government expenditure),MS.MIL.XPND.ZS,,,,,,,,,,,,,,,,,,,,,,,,,,,,,,,,,6.944024206,,,,,,,,,,,,,,,,,,,,,,,,,,
Post-demographic dividend,PST,Military expenditure (% of general government expenditure),MS.MIL.XPND.ZS,,,,,,,,,,,,,,,,,,,,,,,,,,,,,,,,,,,,4.133309134,4.207238677,,,,,5.79489468,6.057937298,6.18879521,6.312570045,6.370685863,6.370923727,6.229149811,6.151141619,6.065346675,6.198166719,6.054659028,5.94994452,5.720237758,5.527765752,5.619755299,5.521273005,5.446626544,
French Polynesia,PYF,Military expenditure (% of general government expenditure),MS.MIL.XPND.ZS,,,,,,,,,,,,,,,,,,,,,,,,,,,,,,,,,,,,,,,,,,,,,,,,,,,,,,,,,,,
Qatar,QAT,Military expenditure (% of general government expenditure),MS.MIL.XPND.ZS,,,,,,,,,,,,,,,,,,,,,,,,,,,,,,,25.25221511,27.90464778,,,,,,,,,,,12.46344207,11.60551018,8.422408628,6.858519808,6.15254076,6.979527211,8.738850732,6.063663335,4.899870894,,,,,,,,
Romania,ROU,Military expenditure (% of general government expenditure),MS.MIL.XPND.ZS,,,,,,,,,,,,,,,,,,,,,,,,,,,,,,,11.82121212,12.37647059,10.12252964,8.110782866,9.316706731,7.976855547,7.326813366,8.995796357,8.489932886,7.567288319,7.167813658,7.357443748,7.146278556,6.798395021,6.064433084,6.213360673,5.449719948,4.321161335,3.969181805,3.519623201,3.277925006,3.534394988,3.507692826,3.781922524,3.982823525,4.237934371,4.491346065,6.184098358,
Russian Federation,RUS,Military expenditure (% of general government expenditure),MS.MIL.XPND.ZS,,,,,,,,,,,,,,,,,,,,,,,,,,,,,,,,,,,,,,,,,,,,,,,,,,,,,,,,,,,
Rwanda,RWA,Military expenditure (% of general government expenditure),MS.MIL.XPND.ZS,,,,,,,,,,,,,,,,,,,,,,,,,,,,,,,,,17.80803411,19.76950898,21.43663031,21.32779963,23.72031025,21.14395129,23.13082523,16.7596725,16.25905643,15.17523787,12.70681252,11.42357487,9.704422852,7.686701088,7.984932088,6.094443832,5.815269326,5.944827216,5.105587809,4.435078414,4.242617809,4.032517203,4.013307142,4.565663767,4.936717027,5.082170544,
South Asia,SAS,Military expenditure (% of general government expenditure),MS.MIL.XPND.ZS,,,,,,,,,,,,,,,,,,,,,,,,,,,,,14.63976085,13.46104502,12.22951523,10.80379889,10.4106561,13.3826725,12.94229404,13.27083365,12.83839349,12.79830117,12.36979647,13.04487292,12.72900239,11.75089043,11.14436437,10.75243341,11.70536032,11.63410144,11.06329407,10.04096527,9.947707438,11.07634488,10.55084921,10.32806155,9.972276074,10.02925654,10.32550329,9.881973144,10.02134003,9.805474677,
Saudi Arabia,SAU,Military expenditure (% of general government expenditure),MS.MIL.XPND.ZS,,,,,,,,,,,,,,,,,,,,,,,,,,,,,,,35.4435866,35.4435866,27.25513391,32.83410506,31.30129299,28.44885057,25.25023092,30.7226084,41.16121225,37.36924843,31.79414875,30.91296149,27.20862745,26.23246269,25.99071926,27.46146142,28.78124188,28.95147238,27.5619652,25.94633746,25.28625826,21.73026866,23.10171682,25.26554838,26.55402402,32.72726363,25.52307919,30.42252599,
Sudan,SDN,Military expenditure (% of general government expenditure),MS.MIL.XPND.ZS,,,,,,,,,,,,,,,,,,,,,,,,,,,,,,,17.09677419,11.72839506,11.77631579,20.75757576,19.37869822,16.08782435,13.64102564,12.93031066,30.54417788,47.75528169,43.1551872,25.0311643,25.34763607,14.86196538,28.20128668,16.76611331,19.34024563,20.85060959,25.23860577,29.04983356,,,,,,21.68360904,24.96502158,30.85292342,
Senegal,SEN,Military expenditure (% of general government expenditure),MS.MIL.XPND.ZS,,,,,,,,,,,,,,,,,,,,,,,,,,,,,,,,,,,8.766129918,9.29979277,8.234261501,8.583523391,8.737672584,8.122682845,7.435940378,6.743223394,6.872961146,6.485368664,5.892864551,6.055295788,5.972015069,6.222236737,6.170269542,6.325591779,5.600841669,5.564640488,4.847217609,5.666295238,5.252592263,5.264749877,6.685639472,6.562862954,
Singapore,SGP,Military expenditure (% of general government expenditure),MS.MIL.XPND.ZS,,,,,,,,,,,,,,,,,,,,,,,,,,,,,,,25.79575073,23.72369314,25.56699643,23.43092567,28.4491943,25.33458244,19.97892045,26.17771537,26.47522403,28.66728149,24.77353419,22.49766886,26.7971048,26.89115446,27.18531747,29.52980907,26.64988637,25.9875539,21.99775785,21.63841083,22.19378538,22.00915884,21.73344204,20.50723367,19.21003365,17.25995371,17.55276757,17.20082866,
Solomon Islands,SLB,Military expenditure (% of general government expenditure),MS.MIL.XPND.ZS,,,,,,,,,,,,,,,,,,,,,,,,,,,,,,,,,,,,,,,,,,,,,,,,,,,,,,,,,,,
Sierra Leone,SLE,Military expenditure (% of general government expenditure),MS.MIL.XPND.ZS,,,,,,,,,,,,,,,,,,,,,,,,,,,,,,,,,,,,,,,,,15.35562364,14.35981726,10.810621,10.91169398,8.748735844,7.911225394,8.935674983,10.39878377,5.839321744,6.157211376,4.807683034,4.026247646,3.849893638,4.113620121,5.515830722,4.452292115,3.424575402,3.364714725,
El Salvador,SLV,Military expenditure (% of general government expenditure),MS.MIL.XPND.ZS,,,,,,,,,,,,,,,,,,,,,,,,,,,,,,,22.82544434,15.62187176,11.85457038,10.3070828,8.541759342,7.482325666,6.10973959,6.759743601,5.781464588,5.39970358,4.38673769,5.949899648,6.097285068,4.290071162,4.426002766,4.170065893,4.005073281,4.43254818,4.195973805,4.294436906,4.350649351,4.429947812,4.31678214,4.420249395,4.352041768,4.492753623,4.302629288,4.129852744,
San Marino,SMR,Military expenditure (% of general government expenditure),MS.MIL.XPND.ZS,,,,,,,,,,,,,,,,,,,,,,,,,,,,,,,,,,,,,,,,,,,,,,,,,,,,,,,,,,,
Somalia,SOM,Military expenditure (% of general government expenditure),MS.MIL.XPND.ZS,,,,,,,,,,,,,,,,,,,,,,,,,,,,,,,,,,,,,,,,,,,,,,,,,,,,,,,,,,,
Serbia,SRB,Military expenditure (% of general government expenditure),MS.MIL.XPND.ZS,,,,,,,,,,,,,,,,,,,,,,,,,,,,,,,,,,,,,,,,,16.43192851,11.91235447,9.812948736,8.228883047,7.28252285,5.954562791,5.333071986,5.556249101,5.196700971,5.261769917,5.06743653,5.012712372,4.543479971,4.680581532,4.498148579,4.432895216,4.318574669,4.208537511,
Sub-Saharan Africa (excluding high income),SSA,Military expenditure (% of general government expenditure),MS.MIL.XPND.ZS,,,,,,,,,,,,,,,,,,,,,,,,,,,,,,,,,,,,,,,,,7.402483526,7.380861374,7.575388398,7.012187834,6.889042378,6.302368877,6.455407629,5.725419562,5.833743026,6.300084783,4.98761598,5.180730457,5.264453901,5.798200723,5.699405552,5.989328623,5.914201712,5.871779445,
South Sudan,SSD,Military expenditure (% of general government expenditure),MS.MIL.XPND.ZS,,,,,,,,,,,,,,,,,,,,,,,,,,,,,,,,,,,,,,,,,,,,,,,,,,,,28.97360344,27.74066673,25.93187718,23.67723236,25.56025829,8.349765873,7.393104398,
Sub-Saharan Africa,SSF,Military expenditure (% of general government expenditure),MS.MIL.XPND.ZS,,,,,,,,,,,,,,,,,,,,,,,,,,,,,,,,,,,,,,,,,7.375721385,7.359335595,7.541334731,6.996969396,6.880764999,6.295296718,6.443302247,5.719322409,5.830991062,6.29495157,4.983250104,5.176670824,5.26059019,5.793144966,5.701182828,5.98578972,5.909666178,5.867227989,
Small states,SST,Military expenditure (% of general government expenditure),MS.MIL.XPND.ZS,,,,,,,,,,,,,,,,,,,,,,,,,,,,,,,,,,,,,,,,,,,6.782046476,6.83194555,5.991408407,5.638933346,5.496147027,5.688855902,6.020054995,5.637373894,5.220403405,,,,,,,,
Sao Tome and Principe,STP,Military expenditure (% of general government expenditure),MS.MIL.XPND.ZS,,,,,,,,,,,,,,,,,,,,,,,,,,,,,,,,,,,,,,,,,,,,,,,,,,,,,,,,,,,
Suriname,SUR,Military expenditure (% of general government expenditure),MS.MIL.XPND.ZS,,,,,,,,,,,,,,,,,,,,,,,,,,,,,,,,,,,,,,,,,,,,,,,,,,,,,,,,,,,
Slovak Republic,SVK,Military expenditure (% of general government expenditure),MS.MIL.XPND.ZS,,,,,,,,,,,,,,,,,,,,,,,,,,,,,,,,,,,,6.551323979,5.601990904,4.714938251,3.827475512,3.287951984,3.181873479,4.150968165,3.934513905,4.613568964,4.368475393,4.227297661,4.118644845,4.075415703,3.95667813,3.443877551,3.016151685,2.657138893,2.68788084,2.371734392,2.356554166,2.479776848,2.690915564,2.897630523,
Slovenia,SVN,Military expenditure (% of general government expenditure),MS.MIL.XPND.ZS,,,,,,,,,,,,,,,,,,,,,,,,,,,,,,,,,,,,3.966211359,3.961530287,3.560639471,3.389123377,2.98924577,2.678983534,3.121212121,3.367820816,3.378211138,3.427112188,3.36811665,3.674237262,3.636938556,3.666623494,3.513318671,3.492236267,2.815002057,2.622442653,1.935778048,2.074615036,2.125366112,2.455213686,2.492035606,
Sweden,SWE,Military expenditure (% of general government expenditure),MS.MIL.XPND.ZS,,,,,,,,,,,,,,,,,,,,,,,,,,,,,4.24576424,4.12640034,4.156905066,3.758137118,3.434412109,3.48767858,3.470793827,3.471318646,3.55770234,3.36886274,3.407326742,3.408955229,3.493859352,3.295994855,3.094864107,2.999270159,2.787236223,2.741587435,2.634871484,2.68585296,2.373928041,2.261856052,2.402234226,2.264727761,2.266637017,2.196035177,2.261254992,2.2053267,2.186934932,2.165610891,
Eswatini,SWZ,Military expenditure (% of general government expenditure),MS.MIL.XPND.ZS,,,,,,,,,,,,,,,,,,,,,,,,,,,,,5.584507042,5.362997658,6.323024055,6.323319027,5.836585366,6.812390158,6.644307469,7.491026561,6.39747191,6.374663073,6.549263352,5.683699172,5.719939374,4.964809384,4.85678392,5.67626322,4.965790421,6.482687693,6.486740874,5.878505933,6.062032144,6.335565843,7.47897477,8.744635193,6.904342179,6.602487681,5.769243335,5.518776445,4.992833767,5.489735226,
Sint Maarten (Dutch part),SXM,Military expenditure (% of general government expenditure),MS.MIL.XPND.ZS,,,,,,,,,,,,,,,,,,,,,,,,,,,,,,,,,,,,,,,,,,,,,,,,,,,,,,,,,,,
Seychelles,SYC,Military expenditure (% of general government expenditure),MS.MIL.XPND.ZS,,,,,,,,,,,,,,,,,,,,,,,,,,,,,9.159663866,8.278965129,8.741721854,8.488372093,9.325044405,4.527665317,3.840255591,4.295719844,3.545331529,3.698644287,2.855172414,3.171841542,3.03030303,3.797070885,2.977984208,3.885949442,4.755700326,4.111675127,3.245927139,3.504479669,4.261239368,3.178779698,2.13432172,2.354255784,2.426404996,2.742894911,6.810717373,4.061341422,4.088752442,3.643324688,
Syrian Arab Republic,SYR,Military expenditure (% of general government expenditure),MS.MIL.XPND.ZS,,,,,,,,,,,,,,,,,,,,,,,,,,,,,,,24.29952137,30.42675959,26.31798669,24.61391786,24.33593648,23.35467847,21.81703193,20.30433354,20.14886072,20.73189324,19.01951026,18.88015675,17.37983284,19.14297693,17.68916413,17.8393049,16.47992469,15.9292308,15.4681674,15.05224165,13.62182053,,,,,,,,
Turks and Caicos Islands,TCA,Military expenditure (% of general government expenditure),MS.MIL.XPND.ZS,,,,,,,,,,,,,,,,,,,,,,,,,,,,,,,,,,,,,,,,,,,,,,,,,,,,,,,,,,,
Chad,TCD,Military expenditure (% of general government expenditure),MS.MIL.XPND.ZS,,,,,,,,,,,,,,,,,,,,,,,,,,,,,,,,,,,,7.674714884,8.775566611,6.104391386,6.196433463,7.215531852,7.480314961,8.707482993,8.526578666,6.837115771,7.928071311,7.228124244,21.50180718,26.29371418,31.31257798,32.95818873,23.67091683,22.39823866,,24.52233042,12.76971077,11.86644574,21.13672336,13.83021088,
East Asia & Pacific (IDA & IBRD countries),TEA,Military expenditure (% of general government expenditure),MS.MIL.XPND.ZS,,,,,,,,,,,,,,,,,,,,,,,,,,,,,,,12.84359823,13.49780451,15.53440691,12.94840206,12.75937545,14.16905986,14.02167098,13.15187532,12.37421496,11.58505917,10.57596883,10.78246673,10.62721623,10.34684212,10.22432599,9.748201726,9.653183169,9.404742598,7.621878053,7.344492393,6.925019951,6.284745936,6.163015532,6.254440534,6.278136985,5.94333923,5.866159329,5.852993444,
Europe & Central Asia (IDA & IBRD countries),TEC,Military expenditure (% of general government expenditure),MS.MIL.XPND.ZS,,,,,,,,,,,,,,,,,,,,,,,,,,,,,,,,,,,,,,,,,,,,,,,,,,,,,,,,,,,
Togo,TGO,Military expenditure (% of general government expenditure),MS.MIL.XPND.ZS,,,,,,,,,,,,,,,,,,,,,,,,,,,,,,10.76475377,10.86618013,11.48253236,13.5160425,15.49372613,11.34580567,10.84423038,,,,,,,,11.39686728,9.870936199,8.1539635,,,10.08875927,8.20386116,7.943379294,5.98618721,6.086704469,6.287055813,6.609649934,5.462204837,5.904090388,6.303278579,
Thailand,THA,Military expenditure (% of general government expenditure),MS.MIL.XPND.ZS,,,,,,,,,,,,,,,,,,,,,,,,,,,,,,,,,,,,16.78523483,16.30685912,13.95940661,10.05791368,6.949189796,6.183584431,5.602875055,4.51213885,3.47382775,2.599920575,2.247938619,2.221491369,2.50908135,2.454142261,2.162534381,1.771572391,1.664034671,1.404549435,1.318657963,1.303151446,1.2116297,1.075794654,0.950651566,
Tajikistan,TJK,Military expenditure (% of general government expenditure),MS.MIL.XPND.ZS,,,,,,,,,,,,,,,,,,,,,,,,,,,,,,,,,,,,,,,10.21046512,7.933474576,6.212716763,6.401948052,11.01246106,11.72907489,10.72,,,,3.760969494,3.333333333,3.645655877,4.047003814,4.065488916,,3.969147705,3.832218687,,,
Turkmenistan,TKM,Military expenditure (% of general government expenditure),MS.MIL.XPND.ZS,,,,,,,,,,,,,,,,,,,,,,,,,,,,,,,,,,,,,,15.83309353,12.81764706,14.96143959,,,,,,,,,,,,,,,,,,,
Latin America & the Caribbean (IDA & IBRD countries),TLA,Military expenditure (% of general government expenditure),MS.MIL.XPND.ZS,,,,,,,,,,,,,,,,,,,,,,,,,,,,,,,,,,,,,5.088157952,4.586186522,4.634132031,4.648369363,4.917296726,4.975533826,4.646904182,4.147591092,4.323202343,4.348396896,4.194421957,4.265732508,4.248865384,4.31053841,4.201234235,3.946797782,3.978331027,3.989904608,3.823167259,3.876041229,3.74790838,3.82194915,
Timor-Leste,TLS,Military expenditure (% of general government expenditure),MS.MIL.XPND.ZS,,,,,,,,,,,,,,,,,,,,,,,,,,,,,,,,,,,,,,,,,,,,,,3.048148148,6.288602941,5.76092233,2.982471627,4.117494357,2.466261682,1.478041757,2.224383744,2.360879285,1.818538981,2.364619322,1.438913282,1.721380244,
Middle East & North Africa (IDA & IBRD countries),TMN,Military expenditure (% of general government expenditure),MS.MIL.XPND.ZS,,,,,,,,,,,,,,,,,,,,,,,,,,,,,,,,12.3017725,12.64966583,10.45537512,11.44086487,11.47323683,12.53767428,12.81788383,13.55887414,12.65560701,12.15328585,12.77025448,10.75009527,11.23788274,10.74500843,10.48438686,10.21698742,9.730639588,8.769130473,10.39079569,10.55792631,9.803028224,10.95659211,10.37933634,10.39485101,11.85003452,11.46923518,12.30930403,
Tonga,TON,Military expenditure (% of general government expenditure),MS.MIL.XPND.ZS,,,,,,,,,,,,,,,,,,,,,,,,,,,,,,,,,,,,,,,,,,,,,,,,,,,,,,,,,,,
South Asia (IDA & IBRD),TSA,Military expenditure (% of general government expenditure),MS.MIL.XPND.ZS,,,,,,,,,,,,,,,,,,,,,,,,,,,,,14.63976085,13.46104502,12.22951523,10.80379889,10.4106561,13.3826725,12.94229404,13.27083365,12.83839349,12.79830117,12.36979647,13.04487292,12.72900239,11.75089043,11.14436437,10.75243341,11.70536032,11.63410144,11.06329407,10.04096527,9.947707438,11.07634488,10.55084921,10.32806155,9.972276074,10.02925654,10.32550329,9.881973144,10.02134003,9.805474677,
Sub-Saharan Africa (IDA & IBRD countries),TSS,Military expenditure (% of general government expenditure),MS.MIL.XPND.ZS,,,,,,,,,,,,,,,,,,,,,,,,,,,,,,,,,,,,,,,,,7.375721385,7.359335595,7.541334731,6.996969396,6.880764999,6.295296718,6.443302247,5.719322409,5.830991062,6.29495157,4.983250104,5.176670824,5.26059019,5.793144966,5.701182828,5.98578972,5.909666178,5.867227989,
Trinidad and Tobago,TTO,Military expenditure (% of general government expenditure),MS.MIL.XPND.ZS,,,,,,,,,,,,,,,,,,,,,,,,,,,,,,,,,1.624543668,1.922861934,1.931067611,,,,,,0.565704184,0.725148368,0.90896876,2.650098572,2.77509906,2.708207831,2.108900175,2.253419911,1.694105671,1.690455366,1.865389667,1.889588378,2.6547742,1.977659189,2.178167305,3.564474156,2.736304638,2.610276574,
Tunisia,TUN,Military expenditure (% of general government expenditure),MS.MIL.XPND.ZS,,,,,,,,,,,,,,,,,,,,,,,,,,,,,,,,6.326852338,6.329051383,6.191646192,6.401789519,6.258201467,6.674141797,6.70901084,6.616899619,6.17887365,6.137680183,6.045317977,5.898390584,6.026406429,5.905310301,6.006522384,6.033916849,5.1545462,5.197464296,5.029016091,5.150885151,5.329487112,5.079001384,5.063202824,6.401411374,7.87620414,8.176320864,6.861790831,
Turkey,TUR,Military expenditure (% of general government expenditure),MS.MIL.XPND.ZS,,,,,,,,,,,,,,,,,,,,,,,,,,,,,,,,,,,,,,,,,9.186065658,8.075533032,9.142026111,8.46484778,7.71357506,7.419020152,7.005837131,6.688334355,6.47959047,6.616789523,6.412022693,6.222119714,5.965950037,5.734751043,5.715673351,5.525390664,5.916713438,6.358485919,
Tuvalu,TUV,Military expenditure (% of general government expenditure),MS.MIL.XPND.ZS,,,,,,,,,,,,,,,,,,,,,,,,,,,,,,,,,,,,,,,,,,,,,,,,,,,,,,,,,,,
Tanzania,TZA,Military expenditure (% of general government expenditure),MS.MIL.XPND.ZS,,,,,,,,,,,,,,,,,,,,,,,,,,,,,,,,12.68485364,9.864934177,6.92140138,6.360697517,8.602718914,9.574897429,9.897170309,10.28513743,8.550567179,8.859370403,9.657844714,7.881692922,5.758076412,4.811307396,4.435198258,4.432010328,4.270256506,3.828336232,3.808056676,4.489114206,4.785067622,4.685520291,5.160527657,5.87533536,6.363378384,6.146694151,5.822793172,
Uganda,UGA,Military expenditure (% of general government expenditure),MS.MIL.XPND.ZS,,,,,,,,,,,,,,,,,,,,,,,,,,,,,,,,,,,,,,11.97990903,13.47415467,13.87686576,11.96288761,10.72322055,10.06895913,10.61150518,11.69393348,12.01656164,11.33407302,10.88034859,10.74509513,10.35712492,15.98836298,17.73428689,10.58135003,10.06073924,9.16837908,9.910536614,10.94405065,8.577108976,
Ukraine,UKR,Military expenditure (% of general government expenditure),MS.MIL.XPND.ZS,,,,,,,,,,,,,,,,,,,,,,,,,,,,,,,,,,,,6.62371134,8.615978139,9.770887778,8.747363338,11.15540134,9.913751643,7.83903701,7.334402397,7.331208903,6.253532133,6.332446371,6.215361917,6.548953307,5.635963303,6.064671188,5.578887842,4.941592325,4.805640355,4.973897007,6.747555325,9.230797989,9.048421619,7.834501054,
Upper middle income,UMC,Military expenditure (% of general government expenditure),MS.MIL.XPND.ZS,,,,,,,,,,,,,,,,,,,,,,,,,,,,,,,,,,,,,8.898537632,8.328852943,8.196181814,8.455918807,8.12717622,8.481966369,8.259089891,7.918998192,7.842674132,7.559806752,7.455871976,7.301012311,6.414284099,6.528003796,6.242405867,5.802721754,5.879432278,5.847098534,5.817522046,5.861149338,5.760175,5.8336053,
Uruguay,URY,Military expenditure (% of general government expenditure),MS.MIL.XPND.ZS,,,,,,,,,,,,,,,,,,,,,,,,,,,,,,,,,,,,,,,,8.074695897,8.364938634,8.220244979,8.383068904,7.358406566,6.850263176,6.953236174,6.878541656,6.143789205,6.509756698,6.135862498,6.159835499,5.893734462,5.916842838,5.708334889,5.596019863,5.62809354,5.650297574,6.263597767,
United States,USA,Military expenditure (% of general government expenditure),MS.MIL.XPND.ZS,,,,,,,,,,,,,,,,,,,,,,,,,,,,,,,,,,,,,,,,,,9.000560047,9.676077098,10.64261753,11.27536907,11.3797558,11.33570119,11.14057915,11.30592682,11.15150381,11.66330083,11.76888683,11.37113527,10.63381779,9.851451469,9.354809403,9.042445894,8.80732004,
Uzbekistan,UZB,Military expenditure (% of general government expenditure),MS.MIL.XPND.ZS,,,,,,,,,,,,,,,,,,,,,,,,,,,,,,,,,,,4.495554346,2.881139059,2.475869245,3.549811368,,3.941227547,2.946332387,2.342223635,1.599244204,1.62324183,,,,,,,,,,,,,,,
St. Vincent and the Grenadines,VCT,Military expenditure (% of general government expenditure),MS.MIL.XPND.ZS,,,,,,,,,,,,,,,,,,,,,,,,,,,,,,,,,,,,,,,,,,,,,,,,,,,,,,,,,,,
"Venezuela, RB",VEN,Military expenditure (% of general government expenditure),MS.MIL.XPND.ZS,,,,,,,,,,,,,,,,,,,,,,,,,,,,,5.463917526,8.452138493,4.752747253,5.432458698,5.363349131,7.753479125,3.768432551,4.713205869,3.74862183,5.793644687,5.517744288,5.505422153,5.395571726,4.875057273,3.721834884,3.675789571,4.036713467,5.462873059,5.038627886,5.254579507,5.142146306,3.700292814,3.358559438,2.958680227,3.38313356,4.178417243,2.494624283,1.952887316,1.08913805,1.537820943,
British Virgin Islands,VGB,Military expenditure (% of general government expenditure),MS.MIL.XPND.ZS,,,,,,,,,,,,,,,,,,,,,,,,,,,,,,,,,,,,,,,,,,,,,,,,,,,,,,,,,,,
Virgin Islands (U.S.),VIR,Military expenditure (% of general government expenditure),MS.MIL.XPND.ZS,,,,,,,,,,,,,,,,,,,,,,,,,,,,,,,,,,,,,,,,,,,,,,,,,,,,,,,,,,,
Vietnam,VNM,Military expenditure (% of general government expenditure),MS.MIL.XPND.ZS,,,,,,,,,,,,,,,,,,,,,,,,,,,,,,,,,,,,,,,,,,,,7.552971445,7.49013635,6.800521382,7.434585619,8.198777537,7.966786766,7.166927573,7.679196432,7.333974002,7.322433028,7.131190917,8.01126562,7.881061253,8.195994543,7.883905885,
Vanuatu,VUT,Military expenditure (% of general government expenditure),MS.MIL.XPND.ZS,,,,,,,,,,,,,,,,,,,,,,,,,,,,,,,,,,,,,,,,,,,,,,,,,,,,,,,,,,,
World,WLD,Military expenditure (% of general government expenditure),MS.MIL.XPND.ZS,,,,,,,,,,,,,,,,,,,,,,,,,,,,,,,,,,,,5.290526017,5.392557367,5.549122974,,,,6.563571772,6.703907432,6.73077275,6.834454115,6.870688248,6.878440875,6.720381389,6.492335325,6.467870852,6.506139754,6.310305085,6.300876296,6.219456876,6.149377395,6.327745825,6.064313567,6.082938458,
Samoa,WSM,Military expenditure (% of general government expenditure),MS.MIL.XPND.ZS,,,,,,,,,,,,,,,,,,,,,,,,,,,,,,,,,,,,,,,,,,,,,,,,,,,,,,,,,,,
Kosovo,XKX,Military expenditure (% of general government expenditure),MS.MIL.XPND.ZS,,,,,,,,,,,,,,,,,,,,,,,,,,,,,,,,,,,,,,,,,,,,,,,,,0.066631579,1.665184962,2.308099604,2.639647732,2.32739428,2.473093311,2.735888618,2.874408227,0,0,
"Yemen, Rep.",YEM,Military expenditure (% of general government expenditure),MS.MIL.XPND.ZS,,,,,,,,,,,,,,,,,,,,,,,,,,,,,,,24.59528039,28.33639284,29.54541176,27.41911502,33.35221439,26.32117722,17.2043483,16.9639169,17.74597848,18.31158978,15.51153645,17.97691614,22.40081369,19.40884918,15.51826908,13.24021669,11.52960903,12.02177494,10.77855924,16.05470856,15.5132924,16.50960905,12.62875783,13.24638005,14.27962489,,,,
South Africa,ZAF,Military expenditure (% of general government expenditure),MS.MIL.XPND.ZS,,,,,,,,,,,,,,,,,,,,,,,,,,,,,,,,,,,,,,,,,5.504553497,5.88311127,6.159016318,5.776435655,5.335142007,4.911666439,4.67786712,4.333121676,3.996447537,3.828540204,3.548255699,3.573081137,3.61135823,3.555140984,3.489408667,3.343453461,3.273561447,3.121867921,
Zambia,ZMB,Military expenditure (% of general government expenditure),MS.MIL.XPND.ZS,,,,,,,,,,,,,,,,,,,,,,,,,,,,,,,,,,,,,,,,,,,,,6.792889146,7.45748503,8.194674622,8.294227853,7.978397426,8.095549263,7.653020555,6.747653478,6.307948192,5.71789813,6.641889327,6.237462411,5.946096833,5.215121483,
Zimbabwe,ZWE,Military expenditure (% of general government expenditure),MS.MIL.XPND.ZS,,,,,,,,,,,,,,,,,,,,,,,,,,,,,,,,,,,,,,,,,,,,,,9.144050104,23.16618911,,,,4.610365854,6.643388015,9.114318442,8.930896345,9.230190572,9.280044346,7.363047502,7.412320418,
